metric,area,comp,suff
mae,0.05,8.949585,24.868956
mae,0.075,10.228873,23.442368
mae,0.1,11.152335,22.130378
mae,0.15,13.117164,18.800229
mse,0.05,6.501561,35.933526
mse,0.075,8.012506,32.314726
mse,0.1,9.199539,29.120683
mse,0.15,12.037185,21.699907
