metric,area,comp,suff
mae,0.05,4.745799,24.276493
mae,0.075,5.730902,22.427212
mae,0.1,6.186817,21.297478
mae,0.15,7.031522,18.732026
mse,0.05,2.109181,35.129838
mse,0.075,2.79657,30.580172
mse,0.1,3.144467,27.926384
mse,0.15,3.871029,22.26446
