metric,area,comp,suff
mae,0.05,4.726793,24.263885
mae,0.075,5.727996,22.424318
mae,0.1,6.179846,21.299478
mae,0.15,7.008132,18.762711
mse,0.05,2.062038,35.123842
mse,0.075,2.767053,30.61075
mse,0.1,3.122617,27.966506
mse,0.15,3.836806,22.351417
