metric,area,comp,suff
mae,0.05,6.83137,21.750613
mae,0.075,7.790928,19.002225
mae,0.1,8.24169,17.424053
mae,0.15,9.147495,14.260291
mse,0.05,3.677615,28.934923
mse,0.075,4.571539,22.838025
mse,0.1,5.03636,19.604733
mse,0.15,6.067363,13.711239
