metric,area,comp,suff
mae,0.05,4.66945,24.149638
mae,0.075,5.865022,22.240228
mae,0.1,6.434892,21.113066
mae,0.15,7.534017,18.625086
mse,0.05,1.958904,34.515239
mse,0.075,2.81718,29.774901
mse,0.1,3.282104,27.113225
mse,0.15,4.295844,21.598555
