metric,area,comp,suff
mae,0.05,5.528881,22.965372
mae,0.075,6.676386,20.553577
mae,0.1,7.249401,19.123016
mae,0.15,8.398373,16.08907
mse,0.05,2.667361,31.678335
mse,0.075,3.589957,26.078793
mse,0.1,4.114159,22.951468
mse,0.15,5.30288,16.855767
