metric,area,comp,suff
mae,0.05,6.899674,21.747828
mae,0.075,7.852728,18.950041
mae,0.1,8.322315,17.36936
mae,0.15,9.23901,14.219952
mse,0.05,3.773029,28.723377
mse,0.075,4.66785,22.545211
mse,0.1,5.149059,19.332613
mse,0.15,6.18406,13.546329
