metric,area,comp,suff
mae,0.05,6.878273,21.73623
mae,0.075,7.820979,18.934874
mae,0.1,8.279623,17.351532
mae,0.15,9.200241,14.166808
mse,0.05,3.753496,28.653559
mse,0.075,4.640294,22.486866
mse,0.1,5.108653,19.271767
mse,0.15,6.144397,13.435637
