metric,area,comp,suff
mae,0.05,6.727494,21.82652
mae,0.075,7.729673,19.038354
mae,0.1,8.180408,17.452916
mae,0.15,9.06873,14.284175
mse,0.05,3.612052,28.985578
mse,0.075,4.533752,22.821928
mse,0.1,4.991795,19.589213
mse,0.15,5.973005,13.72644
