metric,area,comp,suff
mae,0.05,6.835591,21.750436
mae,0.075,7.797778,18.998648
mae,0.1,8.2483,17.42184
mae,0.15,9.153944,14.254611
mse,0.05,3.680691,28.935437
mse,0.075,4.579659,22.832382
mse,0.1,5.043886,19.601104
mse,0.15,6.07593,13.703058
