metric,area,comp,suff
mae,0.05,3.913254,24.393296
mae,0.075,4.575342,22.791808
mae,0.1,4.931283,21.787207
mae,0.15,5.762928,19.477621
mse,0.05,1.531709,35.071072
mse,0.075,1.882607,31.080946
mse,0.1,2.093977,28.69555
mse,0.15,2.678148,23.523343
