metric,area,comp,suff
mae,0.05,3.951088,24.458695
mae,0.075,4.596903,22.877976
mae,0.1,4.968346,21.870544
mae,0.15,5.801502,19.545056
mse,0.05,1.526341,35.277328
mse,0.075,1.881329,31.325644
mse,0.1,2.108105,28.909448
mse,0.15,2.695454,23.642036
