metric,area,comp,suff
mae,0.05,6.819707,21.655833
mae,0.075,7.80647,18.871865
mae,0.1,8.266907,17.312326
mae,0.15,9.17303,14.191658
mse,0.05,3.69552,28.602238
mse,0.075,4.614382,22.501465
mse,0.1,5.088866,19.339018
mse,0.15,6.119449,13.588058
