metric,area,comp,suff
mae,0.05,5.897083,27.149201
mae,0.075,7.12583,25.417605
mae,0.1,7.89495,24.349496
mae,0.15,9.240721,21.939797
mse,0.05,3.033924,42.076405
mse,0.075,4.120011,37.316774
mse,0.1,4.873731,34.491929
mse,0.15,6.298592,28.49589
