metric,area,comp,suff
mae,0.05,2.66204,29.012245
mae,0.075,3.472345,28.017069
mae,0.1,4.10507,27.301094
mae,0.15,5.423148,25.537001
mse,0.05,0.644383,47.629263
mse,0.075,1.022877,44.740236
mse,0.1,1.379616,42.692637
mse,0.15,2.307965,37.899114
