metric,area,comp,suff
mae,0.05,5.259013,26.73812
mae,0.075,6.745625,25.179372
mae,0.1,7.631964,24.267375
mae,0.15,9.297468,22.313684
mse,0.05,2.347929,40.884073
mse,0.075,3.652835,36.773351
mse,0.1,4.553539,34.478321
mse,0.15,6.518448,29.737944
