metric,area,comp,suff
mae,0.05,7.258119,25.723317
mae,0.075,8.866705,23.581692
mae,0.1,9.759798,22.289864
mae,0.15,11.399602,19.474359
mse,0.05,4.396946,38.140996
mse,0.075,6.13089,32.661112
mse,0.1,7.19119,29.499611
mse,0.15,9.340962,23.063398
