metric,area,comp,suff
mae,0.05,4.989095,26.635198
mae,0.075,6.580342,25.143571
mae,0.1,7.502709,24.270562
mae,0.15,9.450774,22.40679
mse,0.05,2.416585,40.678064
mse,0.075,3.878092,36.849632
mse,0.1,4.816042,34.646932
mse,0.15,7.127688,30.141792
