metric,area,comp,suff
mae,0.05,5.761308,26.179407
mae,0.075,7.618445,24.659943
mae,0.1,8.702324,23.823784
mae,0.15,10.933342,22.186451
mse,0.05,2.924903,39.721175
mse,0.075,4.783122,35.933911
mse,0.1,6.024929,33.871159
mse,0.15,9.017664,29.99444
