metric,area,comp,suff
mae,0.05,9.771792,24.3353
mae,0.075,10.916894,21.792198
mae,0.1,11.532508,20.280297
mae,0.15,12.827861,17.132683
mse,0.05,7.037184,34.329349
mse,0.075,8.47202,28.02997
mse,0.1,9.300969,24.541813
mse,0.15,11.20827,17.942019
