metric,area,comp,suff
mae,0.05,9.224544,24.578226
mae,0.075,10.527487,22.065576
mae,0.1,11.25648,20.588881
mae,0.15,12.594657,17.48643
mse,0.05,6.477593,34.867632
mse,0.075,8.057205,28.613369
mse,0.1,9.016599,25.184498
mse,0.15,10.918964,18.605542
