metric,area,comp,suff
mae,0.05,6.868271,24.349664
mae,0.075,9.336667,23.131383
mae,0.1,10.938308,22.537047
mae,0.15,13.613531,21.684179
mse,0.05,4.254355,36.446319
mse,0.075,7.555063,32.938043
mse,0.1,10.011467,31.3969
mse,0.15,14.585987,29.023094
