metric,area,comp,suff
mae,0.05,4.83332,27.626747
mae,0.075,5.712161,26.421299
mae,0.1,6.370776,25.603374
mae,0.15,7.580467,23.623031
mse,0.05,2.07788,43.233666
mse,0.075,2.719266,39.885889
mse,0.1,3.265199,37.684396
mse,0.15,4.366635,32.556835
