metric,area,comp,suff
mae,0.05,9.784886,24.718538
mae,0.075,10.962625,22.128188
mae,0.1,11.579262,20.580546
mae,0.15,12.856365,17.386808
mse,0.05,7.046316,35.300104
mse,0.075,8.5365,28.818146
mse,0.1,9.371886,25.215958
mse,0.15,11.272953,18.445918
