metric,area,comp,suff
mae,0.05,12.617326,17.2215
mae,0.075,13.859009,16.371703
mae,0.1,14.68726,15.619621
mae,0.15,16.222054,13.836052
mse,0.05,13.817518,19.753078
mse,0.075,15.714624,17.999596
mse,0.1,16.957814,16.510944
mse,0.15,19.452028,13.238053
