metric,area,comp,suff
mae,0.05,11.350196,22.02984
mae,0.075,12.513637,20.356737
mae,0.1,12.989958,19.376152
mae,0.15,13.851195,17.222586
mse,0.05,12.706435,28.682832
mse,0.075,14.176955,24.827804
mse,0.1,14.800493,22.70945
mse,0.15,15.993176,18.349961
