metric,area,comp,suff
mae,0.05,11.352473,22.045535
mae,0.075,12.518277,20.35944
mae,0.1,13.004344,19.380809
mae,0.15,13.869402,17.232473
mse,0.05,12.712178,28.726446
mse,0.075,14.175666,24.8462
mse,0.1,14.82602,22.724974
mse,0.15,16.028431,18.366814
