metric,area,comp,suff
mae,0.05,11.300346,22.117104
mae,0.075,12.476495,20.431347
mae,0.1,12.938052,19.443473
mae,0.15,13.798633,17.296883
mse,0.05,12.733532,28.848271
mse,0.075,14.228952,24.945263
mse,0.1,14.827378,22.794543
mse,0.15,16.025433,18.44177
