metric,area,comp,suff
mae,0.05,2.274792,25.351879
mae,0.075,3.438164,24.381661
mae,0.1,4.11137,23.75219
mae,0.15,5.825891,22.185104
mse,0.05,0.714976,38.017306
mse,0.075,1.392762,35.587608
mse,0.1,1.83241,34.084832
mse,0.15,3.240488,30.496946
