metric,area,comp,suff
mae,0.05,12.51037,20.797426
mae,0.075,13.709812,18.616815
mae,0.1,14.196326,17.386254
mae,0.15,15.113776,14.822775
mse,0.05,13.953789,25.684258
mse,0.075,15.642183,20.877654
mse,0.1,16.3302,18.404272
mse,0.15,17.690907,13.785229
