metric,area,comp,suff
mae,0.05,12.51037,20.797329
mae,0.075,13.709812,18.61687
mae,0.1,14.196268,17.386254
mae,0.15,15.113781,14.822775
mse,0.05,13.953789,25.684096
mse,0.075,15.642183,20.877707
mse,0.1,16.330138,18.404272
mse,0.15,17.69092,13.785229
