metric,area,comp,suff
mae,0.05,9.116735,22.472025
mae,0.075,10.574239,21.107067
mae,0.1,11.230269,20.360663
mae,0.15,12.380409,18.841096
mse,0.05,8.972236,30.115352
mse,0.075,10.678448,27.050485
mse,0.1,11.525181,25.448871
mse,0.15,13.125537,22.377734
