metric,area,comp,suff
mae,0.05,9.167658,22.535588
mae,0.075,10.598278,21.169805
mae,0.1,11.252468,20.420705
mae,0.15,12.399547,18.884885
mse,0.05,8.934853,30.324368
mse,0.075,10.6037,27.233455
mse,0.1,11.454933,25.639369
mse,0.15,13.070328,22.525551
