metric,area,comp,suff
mae,0.05,12.510367,20.797273
mae,0.075,13.709812,18.616835
mae,0.1,14.19627,17.386312
mae,0.15,15.113781,14.822781
mse,0.05,13.953787,25.684086
mse,0.075,15.642183,20.877641
mse,0.1,16.330138,18.404367
mse,0.15,17.69092,13.785246
