metric,area,comp,suff
mae,0.05,6.978007,23.793066
mae,0.075,9.043696,22.399609
mae,0.1,9.944993,21.609467
mae,0.15,11.584256,20.112884
mse,0.05,4.743019,33.818859
mse,0.075,7.187818,30.602905
mse,0.1,8.323124,28.846097
mse,0.15,10.558975,25.744848
