metric,area,comp,suff
mae,0.05,8.79261,22.861171
mae,0.075,10.752379,21.519413
mae,0.1,11.635599,20.822469
mae,0.15,13.285191,19.595962
mse,0.05,7.059446,31.794609
mse,0.075,9.430737,28.873357
mse,0.1,10.577144,27.442831
mse,0.15,12.982267,25.074943
