metric,area,comp,suff
mae,0.05,13.860167,19.568723
mae,0.075,14.753666,17.237758
mae,0.1,15.145476,15.903705
mae,0.15,15.964762,13.182158
mse,0.05,15.960008,22.653207
mse,0.075,17.269078,17.942032
mse,0.1,17.84964,15.481922
mse,0.15,19.105628,10.985425
