metric,area,comp,suff
mae,0.05,13.860167,19.568723
mae,0.075,14.753706,17.237758
mae,0.1,15.145502,15.903685
mae,0.15,15.964762,13.182197
mse,0.05,15.960008,22.653207
mse,0.075,17.269122,17.942032
mse,0.1,17.849659,15.48189
mse,0.15,19.105628,10.985453
