metric,area,comp,suff
mae,0.05,13.860167,19.568723
mae,0.075,14.753666,17.237759
mae,0.1,15.145498,15.903685
mae,0.15,15.964771,13.182179
mse,0.05,15.960008,22.653207
mse,0.075,17.269078,17.942032
mse,0.1,17.849664,15.48189
mse,0.15,19.105637,10.98544
