metric,area,comp,suff
mae,0.05,13.836093,19.669082
mae,0.075,14.725242,17.33334
mae,0.1,15.12483,16.021828
mae,0.15,15.946707,13.306145
mse,0.05,15.772843,22.88815
mse,0.075,17.055986,18.14157
mse,0.1,17.635868,15.709768
mse,0.15,18.90672,11.196962
