metric,area,comp,suff
mae,0.05,13.790296,19.767348
mae,0.075,14.72725,17.468114
mae,0.1,15.139202,16.175264
mae,0.15,15.984061,13.48341
mse,0.05,15.967965,23.133993
mse,0.075,17.350984,18.43398
mse,0.1,17.971834,16.023446
mse,0.15,19.298764,11.53168
