metric,area,comp,suff
mae,0.05,13.52849,19.659952
mae,0.075,14.468824,17.370346
mae,0.1,14.896518,16.078536
mae,0.15,15.780907,13.410443
mse,0.05,15.431713,22.933637
mse,0.075,16.781138,18.269438
mse,0.1,17.404988,15.863919
mse,0.15,18.761503,11.417666
