metric,area,comp,suff
mae,0.05,11.642063,23.532122
mae,0.075,11.908534,22.907142
mae,0.1,12.02997,22.483047
mae,0.15,12.314391,21.347861
mse,0.05,13.513146,32.276741
mse,0.075,13.753598,30.718315
mse,0.1,13.855686,29.680835
mse,0.15,14.098972,26.997132
