metric,area,comp,suff
mae,0.05,11.485732,23.656332
mae,0.075,11.733961,23.037746
mae,0.1,11.854512,22.609344
mae,0.15,12.129918,21.452201
mse,0.05,13.423209,32.614523
mse,0.075,13.661576,31.0622
mse,0.1,13.764209,30.014443
mse,0.15,13.997519,27.265764
