metric,area,comp,suff
mae,0.05,13.733382,19.555719
mae,0.075,14.638686,17.195203
mae,0.1,15.04327,15.875587
mae,0.15,15.893777,13.159849
mse,0.05,15.747174,22.611619
mse,0.075,17.070668,17.851073
mse,0.1,17.668571,15.444666
mse,0.15,18.985706,10.980167
