metric,area,comp,suff
accuracy,0.05,0.960383,0.936511
accuracy,0.075,0.962336,0.932919
accuracy,0.1,0.959555,0.933787
accuracy,0.15,0.958944,0.927654
auc,0.05,0.408349,0.390539
auc,0.075,0.397517,0.414126
auc,0.1,0.391942,0.409746
auc,0.15,0.365608,0.432943
cross_entropy,0.05,0.175175,0.239549
cross_entropy,0.075,0.171994,0.237858
cross_entropy,0.1,0.173132,0.238782
cross_entropy,0.15,0.174527,0.240818
