metric,area,comp,suff
accuracy,0.05,0.958253,0.972656
accuracy,0.075,0.957168,0.978299
accuracy,0.1,0.955689,0.980686
accuracy,0.15,0.95417,0.982856
auc,0.05,0.754515,0.784646
auc,0.075,0.73661,0.793582
auc,0.1,0.729331,0.796467
auc,0.15,0.711785,0.799042
cross_entropy,0.05,0.157777,0.188556
cross_entropy,0.075,0.161716,0.189239
cross_entropy,0.1,0.164454,0.189999
cross_entropy,0.15,0.16853,0.190604
