metric,area,comp,suff
accuracy,0.05,0.957819,0.973878
accuracy,0.075,0.955866,0.978299
accuracy,0.1,0.954998,0.979601
accuracy,0.15,0.95413,0.983507
auc,0.05,0.774138,0.804098
auc,0.075,0.750333,0.808295
auc,0.1,0.745675,0.810623
auc,0.15,0.724745,0.813736
cross_entropy,0.05,0.159727,0.188396
cross_entropy,0.075,0.16449,0.188226
cross_entropy,0.1,0.166965,0.189304
cross_entropy,0.15,0.172297,0.189594
