metric,area,comp,suff
accuracy,0.05,0.981948,0.958036
accuracy,0.075,0.978652,0.959555
accuracy,0.1,0.976265,0.959121
accuracy,0.15,0.971491,0.961508
auc,0.05,0.810224,0.697811
auc,0.075,0.8054,0.727565
auc,0.1,0.801442,0.739986
auc,0.15,0.789341,0.763535
cross_entropy,0.05,0.139959,0.204284
cross_entropy,0.075,0.14421,0.200515
cross_entropy,0.1,0.147678,0.197198
cross_entropy,0.15,0.153643,0.19163
