metric,area,comp,suff
accuracy,0.05,0.910349,0.960166
accuracy,0.075,0.906443,0.964072
accuracy,0.1,0.898454,0.966716
accuracy,0.15,0.892675,0.973444
auc,0.05,0.345899,0.399093
auc,0.075,0.325123,0.426861
auc,0.1,0.321552,0.448629
auc,0.15,0.292253,0.466629
cross_entropy,0.05,0.30461,0.174894
cross_entropy,0.075,0.320092,0.16439
cross_entropy,0.1,0.334068,0.152557
cross_entropy,0.15,0.337077,0.14097
