metric,area,comp,suff
accuracy,0.05,0.957859,0.97735
accuracy,0.075,0.955866,0.978001
accuracy,0.1,0.955215,0.979954
accuracy,0.15,0.953696,0.979601
auc,0.05,0.663715,0.69703
auc,0.075,0.649786,0.703847
auc,0.1,0.64388,0.705287
auc,0.15,0.61904,0.706883
cross_entropy,0.05,0.155363,0.201938
cross_entropy,0.075,0.160347,0.205221
cross_entropy,0.1,0.162778,0.206851
cross_entropy,0.15,0.16925,0.206842
