metric,area,comp,suff
accuracy,0.05,0.936174,0.952177
accuracy,0.075,0.924455,0.937637
accuracy,0.1,0.915123,0.926231
accuracy,0.15,0.900286,0.907922
auc,0.05,0.731766,0.586546
auc,0.075,0.709798,0.58162
auc,0.1,0.696885,0.58023
auc,0.15,0.67327,0.576274
cross_entropy,0.05,0.212635,0.254893
cross_entropy,0.075,0.239197,0.274693
cross_entropy,0.1,0.258431,0.2912
cross_entropy,0.15,0.287026,0.316983
