metric,area,comp,suff
accuracy,0.05,0.935169,0.950834
accuracy,0.075,0.924278,0.940458
accuracy,0.1,0.91747,0.925797
accuracy,0.15,0.902713,0.904273
auc,0.05,0.715488,0.58564
auc,0.075,0.694177,0.581365
auc,0.1,0.67792,0.585069
auc,0.15,0.65819,0.59172
cross_entropy,0.05,0.21367,0.253474
cross_entropy,0.075,0.240034,0.273784
cross_entropy,0.1,0.259133,0.290235
cross_entropy,0.15,0.287415,0.315563
