metric,area,comp,suff
accuracy,0.05,0.956597,0.975043
accuracy,0.075,0.955729,0.978516
accuracy,0.1,0.954644,0.978516
accuracy,0.15,0.954427,0.978516
auc,0.05,0.687377,0.720098
auc,0.075,0.665785,0.727104
auc,0.1,0.654973,0.729787
auc,0.15,0.631472,0.73242
cross_entropy,0.05,0.155937,0.203253
cross_entropy,0.075,0.160796,0.206332
cross_entropy,0.1,0.164373,0.208182
cross_entropy,0.15,0.170756,0.208636
