metric,area,comp,suff
accuracy,0.05,0.9169,0.929744
accuracy,0.075,0.896283,0.896758
accuracy,0.1,0.880401,0.86521
accuracy,0.15,0.856232,0.826638
auc,0.05,0.708635,0.564469
auc,0.075,0.68532,0.565111
auc,0.1,0.664585,0.569209
auc,0.15,0.638283,0.570207
cross_entropy,0.05,0.249282,0.294533
cross_entropy,0.075,0.288842,0.327695
cross_entropy,0.1,0.319151,0.355368
cross_entropy,0.15,0.364956,0.397046
