metric,area,comp,suff
accuracy,0.05,0.799929,0.78805
accuracy,0.075,0.706332,0.6678
accuracy,0.1,0.630924,0.593043
accuracy,0.15,0.550428,0.534071
auc,0.05,0.746144,0.658373
auc,0.075,0.729437,0.662238
auc,0.1,0.706873,0.658623
auc,0.15,0.677257,0.655264
cross_entropy,0.05,0.404703,0.424406
cross_entropy,0.075,0.508883,0.512531
cross_entropy,0.1,0.591021,0.585307
cross_entropy,0.15,0.709732,0.693821
