metric,area,comp,suff
accuracy,0.05,0.957031,0.975477
accuracy,0.075,0.955295,0.981771
accuracy,0.1,0.954644,0.985243
accuracy,0.15,0.953993,0.98763
auc,0.05,0.667867,0.727126
auc,0.075,0.631359,0.729884
auc,0.1,0.603308,0.731171
auc,0.15,0.557723,0.733023
cross_entropy,0.05,0.18765,0.161188
cross_entropy,0.075,0.196677,0.15621
cross_entropy,0.1,0.20182,0.15343
cross_entropy,0.15,0.209837,0.148746
