metric,area,comp,suff
accuracy,0.05,0.956814,0.973958
accuracy,0.075,0.955295,0.981554
accuracy,0.1,0.954427,0.985243
accuracy,0.15,0.953993,0.988064
auc,0.05,0.671586,0.722842
auc,0.075,0.63352,0.727952
auc,0.1,0.606218,0.730065
auc,0.15,0.558103,0.732647
cross_entropy,0.05,0.188317,0.162386
cross_entropy,0.075,0.197391,0.156751
cross_entropy,0.1,0.203467,0.153604
cross_entropy,0.15,0.211589,0.148802
