metric,area,comp,suff
accuracy,0.05,0.912246,0.957996
accuracy,0.075,0.899876,0.960126
accuracy,0.1,0.892851,0.965294
accuracy,0.15,0.891549,0.968766
auc,0.05,0.283166,0.386382
auc,0.075,0.267082,0.399381
auc,0.1,0.243731,0.413394
auc,0.15,0.231086,0.417554
cross_entropy,0.05,0.304042,0.172933
cross_entropy,0.075,0.325919,0.160251
cross_entropy,0.1,0.334558,0.15196
cross_entropy,0.15,0.334078,0.14195
