metric,area,comp,suff
accuracy,0.05,0.957899,0.975911
accuracy,0.075,0.956597,0.977865
accuracy,0.1,0.956597,0.980686
accuracy,0.15,0.956597,0.982639
auc,0.05,0.619645,0.699418
auc,0.075,0.581473,0.701428
auc,0.1,0.545273,0.703649
auc,0.15,0.511491,0.703965
cross_entropy,0.05,0.180261,0.16772
cross_entropy,0.075,0.191011,0.16316
cross_entropy,0.1,0.198455,0.159403
cross_entropy,0.15,0.209478,0.154291
