metric,area,comp,suff
accuracy,0.05,0.934695,0.957481
accuracy,0.075,0.922679,0.960777
accuracy,0.1,0.909875,0.960777
accuracy,0.15,0.897682,0.964466
auc,0.05,0.333281,0.420325
auc,0.075,0.29899,0.432562
auc,0.1,0.250757,0.446676
auc,0.15,0.22637,0.457176
cross_entropy,0.05,0.258636,0.180105
cross_entropy,0.075,0.291358,0.169162
cross_entropy,0.1,0.31541,0.163173
cross_entropy,0.15,0.343285,0.153712
