metric,area,comp,suff
accuracy,0.05,0.963936,0.966419
accuracy,0.075,0.961765,0.972495
accuracy,0.1,0.959515,0.976185
accuracy,0.15,0.955054,0.980742
auc,0.05,0.742704,0.752366
auc,0.075,0.718474,0.758814
auc,0.1,0.685433,0.764467
auc,0.15,0.62153,0.768639
cross_entropy,0.05,0.168834,0.173681
cross_entropy,0.075,0.180224,0.166321
cross_entropy,0.1,0.189592,0.161536
cross_entropy,0.15,0.20501,0.154859
