metric,area,comp,suff
accuracy,0.05,0.964627,0.96658
accuracy,0.075,0.962457,0.970703
accuracy,0.1,0.957899,0.97526
accuracy,0.15,0.956597,0.979384
auc,0.05,0.758692,0.776817
auc,0.075,0.740588,0.782316
auc,0.1,0.712791,0.78361
auc,0.15,0.64815,0.78708
cross_entropy,0.05,0.166008,0.171363
cross_entropy,0.075,0.177403,0.164705
cross_entropy,0.1,0.18724,0.15996
cross_entropy,0.15,0.20225,0.15351
