metric,area,comp,suff
accuracy,0.05,0.962947,0.970486
accuracy,0.075,0.958783,0.974392
accuracy,0.1,0.95683,0.97678
accuracy,0.15,0.95466,0.981988
auc,0.05,0.74061,0.738883
auc,0.075,0.727541,0.755439
auc,0.1,0.70739,0.761688
auc,0.15,0.675194,0.765859
cross_entropy,0.05,0.156878,0.179482
cross_entropy,0.075,0.164029,0.17198
cross_entropy,0.1,0.168179,0.168561
cross_entropy,0.15,0.176197,0.165945
