metric,area,comp,suff
accuracy,0.05,0.980035,0.927083
accuracy,0.075,0.976562,0.92947
accuracy,0.1,0.976345,0.933771
accuracy,0.15,0.974529,0.934856
auc,0.05,0.479238,0.358766
auc,0.075,0.467301,0.363926
auc,0.1,0.462063,0.381773
auc,0.15,0.432322,0.398357
cross_entropy,0.05,0.125478,
cross_entropy,0.075,0.134967,
cross_entropy,0.1,0.140349,
cross_entropy,0.15,0.155328,
