metric,area,comp,suff
accuracy,0.05,0.962079,0.969401
accuracy,0.075,0.959258,0.973524
accuracy,0.1,0.956002,0.977865
accuracy,0.15,0.956002,0.984158
auc,0.05,0.712044,0.717727
auc,0.075,0.691556,0.732125
auc,0.1,0.67676,0.739348
auc,0.15,0.648341,0.74165
cross_entropy,0.05,0.156516,0.179111
cross_entropy,0.075,0.164179,0.1722
cross_entropy,0.1,0.169328,0.168665
cross_entropy,0.15,0.175693,0.166235
