metric,area,comp,suff
accuracy,0.05,0.95896,0.975059
accuracy,0.075,0.958092,0.979737
accuracy,0.1,0.956059,0.98321
accuracy,0.15,0.955842,0.983467
auc,0.05,0.656953,0.713666
auc,0.075,0.627395,0.716139
auc,0.1,0.604472,0.717854
auc,0.15,0.56304,0.71894
cross_entropy,0.05,0.169941,0.169885
cross_entropy,0.075,0.179662,0.166149
cross_entropy,0.1,0.186658,0.162544
cross_entropy,0.15,0.196688,0.157325
