metric,area,comp,suff
accuracy,0.05,0.958309,0.97514
accuracy,0.075,0.957361,0.975871
accuracy,0.1,0.956493,0.978909
accuracy,0.15,0.955842,0.981771
auc,0.05,0.677827,0.714293
auc,0.075,0.651572,0.715535
auc,0.1,0.632086,0.715954
auc,0.15,0.597854,0.7179
cross_entropy,0.05,0.168244,0.170451
cross_entropy,0.075,0.177379,0.166523
cross_entropy,0.1,0.184315,0.163161
cross_entropy,0.15,0.194385,0.157636
