metric,area,comp,suff
accuracy,0.05,0.961725,0.97301
accuracy,0.075,0.960857,0.97735
accuracy,0.1,0.96064,0.981473
accuracy,0.15,0.960423,0.983427
auc,0.05,0.634224,0.675604
auc,0.075,0.618086,0.681717
auc,0.1,0.60592,0.684511
auc,0.15,0.556859,0.687064
cross_entropy,0.05,0.136001,0.121297
cross_entropy,0.075,0.142036,0.118883
cross_entropy,0.1,0.146139,0.117468
cross_entropy,0.15,0.153804,0.116837
