metric,area,comp,suff
accuracy,0.05,0.961267,0.974015
accuracy,0.075,0.960182,0.978178
accuracy,0.1,0.960182,0.980565
accuracy,0.15,0.960182,0.985597
auc,0.05,0.684079,0.720968
auc,0.075,0.664867,0.726495
auc,0.1,0.655157,0.729084
auc,0.15,0.613826,0.733013
cross_entropy,0.05,0.133401,0.119707
cross_entropy,0.075,0.140331,0.116644
cross_entropy,0.1,0.144896,0.116028
cross_entropy,0.15,0.152242,0.115013
