metric,area,comp,suff
accuracy,0.05,0.980035,0.982205
accuracy,0.075,0.980035,0.983507
accuracy,0.1,0.980035,0.985677
accuracy,0.15,0.980035,0.988715
auc,0.05,0.443406,0.460671
auc,0.075,0.428905,0.467451
auc,0.1,0.411888,0.467436
auc,0.15,0.382318,0.468362
cross_entropy,0.05,0.104524,0.107814
cross_entropy,0.075,0.106598,0.107817
cross_entropy,0.1,0.108411,0.107996
cross_entropy,0.15,0.111227,0.108181
