metric,area,comp,suff
accuracy,0.05,0.981731,0.961468
accuracy,0.075,0.978395,0.962119
accuracy,0.1,0.975357,0.961942
accuracy,0.15,0.969497,0.963421
auc,0.05,0.714311,0.554202
auc,0.075,0.709806,0.58379
auc,0.1,0.705909,0.615669
auc,0.15,0.694097,0.64891
cross_entropy,0.05,0.112835,0.154878
cross_entropy,0.075,0.114733,0.150082
cross_entropy,0.1,0.117508,0.144937
cross_entropy,0.15,0.123084,0.137549
