metric,area,comp,suff
accuracy,0.05,0.960616,0.979086
accuracy,0.075,0.960399,0.982993
accuracy,0.1,0.960182,0.986248
accuracy,0.15,0.960182,0.986071
auc,0.05,0.636136,0.680151
auc,0.075,0.605476,0.686911
auc,0.1,0.560813,0.687456
auc,0.15,0.524351,0.689707
cross_entropy,0.05,0.139741,0.120331
cross_entropy,0.075,0.14851,0.117778
cross_entropy,0.1,0.155221,0.117095
cross_entropy,0.15,0.161268,0.117388
