metric,area,comp,suff
accuracy,0.05,0.923491,0.939984
accuracy,0.075,0.90023,0.915638
accuracy,0.1,0.882652,0.888037
accuracy,0.15,0.849842,0.845205
auc,0.05,0.718321,0.509716
auc,0.075,0.674123,0.505425
auc,0.1,0.637318,0.50064
auc,0.15,0.59143,0.498998
cross_entropy,0.05,0.251637,0.280925
cross_entropy,0.075,0.308264,0.333333
cross_entropy,0.1,0.354408,0.377954
cross_entropy,0.15,0.426968,0.448323
