metric,area,comp,suff
accuracy,0.05,0.921537,0.945449
accuracy,0.075,0.90244,0.915718
accuracy,0.1,0.883777,0.88999
accuracy,0.15,0.850236,0.844988
auc,0.05,0.703986,0.510571
auc,0.075,0.664548,0.504754
auc,0.1,0.632318,0.502322
auc,0.15,0.577775,0.499929
cross_entropy,0.05,0.25132,0.278932
cross_entropy,0.075,0.306399,0.330511
cross_entropy,0.1,0.352641,0.375354
cross_entropy,0.15,0.42369,0.445201
