metric,area,comp,suff
accuracy,0.05,0.982639,0.979167
accuracy,0.075,0.981771,0.977865
accuracy,0.1,0.982205,0.978299
accuracy,0.15,0.980903,0.978299
auc,0.05,0.42462,0.365871
auc,0.075,0.422957,0.3781
auc,0.1,0.423524,0.389294
auc,0.15,0.421376,0.399099
cross_entropy,0.05,0.092181,0.127506
cross_entropy,0.075,0.091256,0.128975
cross_entropy,0.1,0.091684,0.128769
cross_entropy,0.15,0.091973,0.128456
