metric,area,comp,suff
accuracy,0.05,0.961155,0.978733
accuracy,0.075,0.960503,0.984158
accuracy,0.1,0.960503,0.985894
accuracy,0.15,0.960503,0.989366
auc,0.05,0.591708,0.633861
auc,0.075,0.564374,0.642826
auc,0.1,0.515592,0.645243
auc,0.15,0.460436,0.648689
cross_entropy,0.05,0.138079,0.122124
cross_entropy,0.075,0.147191,0.11875
cross_entropy,0.1,0.154426,0.117108
cross_entropy,0.15,0.160893,0.116751
