metric,area,comp,suff
accuracy,0.05,0.980035,0.985243
accuracy,0.075,0.980035,0.986545
accuracy,0.1,0.980035,0.988281
accuracy,0.15,0.980035,0.989149
auc,0.05,0.403296,0.43856
auc,0.075,0.366086,0.440151
auc,0.1,0.336347,0.441849
auc,0.15,0.308857,0.442621
cross_entropy,0.05,0.108359,0.103027
cross_entropy,0.075,0.111092,0.102901
cross_entropy,0.1,0.113108,0.10378
cross_entropy,0.15,0.115391,0.105007
