metric,area,comp,suff
accuracy,0.05,0.980035,0.985677
accuracy,0.075,0.980035,0.986545
accuracy,0.1,0.980035,0.987847
accuracy,0.15,0.980035,0.987847
auc,0.05,0.408035,0.434057
auc,0.075,0.395123,0.438052
auc,0.1,0.375971,0.438674
auc,0.15,0.333807,0.438039
cross_entropy,0.05,0.105283,0.107383
cross_entropy,0.075,0.107372,0.107673
cross_entropy,0.1,0.110063,0.107822
cross_entropy,0.15,0.113777,0.108468
