metric,area,comp,suff
accuracy,0.05,0.891469,0.907785
accuracy,0.075,0.85112,0.857928
accuracy,0.1,0.818054,0.809671
accuracy,0.15,0.759557,0.749654
auc,0.05,0.705799,0.502282
auc,0.075,0.660626,0.498548
auc,0.1,0.620508,0.500651
auc,0.15,0.566156,0.497603
cross_entropy,0.05,0.315643,0.339337
cross_entropy,0.075,0.397547,0.418261
cross_entropy,0.1,0.466874,0.486042
cross_entropy,0.15,0.576362,0.596164
