metric,area,comp,suff
accuracy,0.05,0.675669,0.601683
accuracy,0.075,0.548217,0.509549
accuracy,0.1,0.508464,0.500651
accuracy,0.15,0.500217,0.5
auc,0.05,0.747124,0.566889
auc,0.075,0.728595,0.562719
auc,0.1,0.712362,0.561034
auc,0.15,0.677803,0.557852
cross_entropy,0.05,0.619011,0.654362
cross_entropy,0.075,0.875608,0.919725
cross_entropy,0.1,1.103124,1.155074
cross_entropy,0.15,1.474856,1.531587
