metric,area,comp,suff
accuracy,0.05,0.980035,0.983941
accuracy,0.075,0.980035,0.986545
accuracy,0.1,0.980035,0.989149
accuracy,0.15,0.980035,0.991319
auc,0.05,0.393717,0.43924
auc,0.075,0.366527,0.441047
auc,0.1,0.339505,0.442189
auc,0.15,0.304454,0.442421
cross_entropy,0.05,0.110098,0.10328
cross_entropy,0.075,0.113879,0.102503
cross_entropy,0.1,0.116383,0.102743
cross_entropy,0.15,0.119129,0.103948
