metric,area,comp,suff
accuracy,0.05,0.960616,0.978218
accuracy,0.075,0.960182,0.982124
accuracy,0.1,0.960182,0.984295
accuracy,0.15,0.960182,0.986899
auc,0.05,0.624322,0.684131
auc,0.075,0.580458,0.688374
auc,0.1,0.540583,0.690377
auc,0.15,0.492937,0.69228
cross_entropy,0.05,0.143288,0.113348
cross_entropy,0.075,0.151429,0.110617
cross_entropy,0.1,0.157879,0.109199
cross_entropy,0.15,0.164,0.109549
