metric,area,comp,suff
accuracy,0.05,0.960399,0.976579
accuracy,0.075,0.960182,0.98161
accuracy,0.1,0.960182,0.984214
accuracy,0.15,0.960182,0.987944
auc,0.05,0.643754,0.723257
auc,0.075,0.590023,0.73073
auc,0.1,0.558924,0.733249
auc,0.15,0.486651,0.733803
cross_entropy,0.05,0.144844,0.11479
cross_entropy,0.075,0.154059,0.111462
cross_entropy,0.1,0.160129,0.110281
cross_entropy,0.15,0.167948,0.109324
