metric,area,comp,suff
accuracy,0.05,0.962674,0.974609
accuracy,0.075,0.961155,0.97895
accuracy,0.1,0.961155,0.981771
accuracy,0.15,0.960503,0.986545
auc,0.05,0.660792,0.710597
auc,0.075,0.608688,0.715728
auc,0.1,0.575837,0.717342
auc,0.15,0.515389,0.719445
cross_entropy,0.05,0.136562,0.118833
cross_entropy,0.075,0.146624,0.116786
cross_entropy,0.1,0.152889,0.115958
cross_entropy,0.15,0.160709,0.115594
