metric,area,comp,suff
accuracy,0.05,0.994792,0.980388
accuracy,0.075,0.996094,0.980822
accuracy,0.1,0.994358,0.979954
accuracy,0.15,0.992188,0.981256
auc,0.05,0.458333,0.395054
auc,0.075,0.458102,0.418007
auc,0.1,0.458102,0.429526
auc,0.15,0.457082,0.432507
cross_entropy,0.05,0.105722,0.151247
cross_entropy,0.075,0.103985,
cross_entropy,0.1,0.10263,
cross_entropy,0.15,0.102143,
