metric,area,comp,suff
accuracy,0.05,0.965768,0.968019
accuracy,0.075,0.962296,0.97301
accuracy,0.1,0.961428,0.976048
accuracy,0.15,0.96056,0.982639
auc,0.05,0.676892,0.694438
auc,0.075,0.646715,0.698118
auc,0.1,0.630003,0.70182
auc,0.15,0.567674,0.703684
cross_entropy,0.05,0.127601,0.122434
cross_entropy,0.075,0.136767,0.116904
cross_entropy,0.1,0.142381,0.114821
cross_entropy,0.15,0.15343,0.112298
