metric,area,comp,suff
accuracy,0.05,0.987116,0.957739
accuracy,0.075,0.99566,0.963461
accuracy,0.1,0.990017,0.964844
accuracy,0.15,0.989069,0.969184
auc,0.05,0.610691,0.570058
auc,0.075,0.610648,0.597916
auc,0.1,0.610554,0.600604
auc,0.15,0.610205,0.602177
cross_entropy,0.05,0.120394,0.153152
cross_entropy,0.075,0.117164,0.138101
cross_entropy,0.1,0.11567,0.135771
cross_entropy,0.15,0.121357,0.135079
