metric,area,comp,suff
accuracy,0.05,0.974529,0.962947
accuracy,0.075,0.970623,0.965551
accuracy,0.1,0.96711,0.967504
accuracy,0.15,0.963164,0.971627
auc,0.05,0.696593,0.637027
auc,0.075,0.680606,0.667629
auc,0.1,0.667975,0.684063
auc,0.15,0.647312,0.694912
cross_entropy,0.05,0.125461,0.136176
cross_entropy,0.075,0.131387,0.126225
cross_entropy,0.1,0.136042,0.119618
cross_entropy,0.15,0.141898,0.112543
