metric,area,comp,suff
accuracy,0.05,0.974923,0.962296
accuracy,0.075,0.971017,0.966853
accuracy,0.1,0.966419,0.968155
accuracy,0.15,0.963815,0.973147
auc,0.05,0.755144,0.708455
auc,0.075,0.736805,0.734044
auc,0.1,0.724895,0.745394
auc,0.15,0.69605,0.763029
cross_entropy,0.05,0.12652,0.134492
cross_entropy,0.075,0.132354,0.124054
cross_entropy,0.1,0.13625,0.118094
cross_entropy,0.15,0.142424,0.111433
