metric,area,comp,suff
accuracy,0.05,0.962513,0.973798
accuracy,0.075,0.961645,0.97727
accuracy,0.1,0.961211,0.980308
accuracy,0.15,0.96056,0.984078
auc,0.05,0.689827,0.738431
auc,0.075,0.657036,0.743511
auc,0.1,0.62553,0.745379
auc,0.15,0.571649,0.74642
cross_entropy,0.05,0.134837,0.117772
cross_entropy,0.075,0.143248,0.115412
cross_entropy,0.1,0.148899,0.114369
cross_entropy,0.15,0.156254,0.114022
