metric,area,comp,suff
accuracy,0.05,0.963164,0.972061
accuracy,0.075,0.961211,0.9751
accuracy,0.1,0.960994,0.978355
accuracy,0.15,0.96056,0.981827
auc,0.05,0.69843,0.733843
auc,0.075,0.665112,0.738588
auc,0.1,0.632445,0.74314
auc,0.15,0.583078,0.745569
cross_entropy,0.05,0.1324,0.1198
cross_entropy,0.075,0.139717,0.117739
cross_entropy,0.1,0.145522,0.116499
cross_entropy,0.15,0.15367,0.115454
