metric,area,comp,suff
mae,0.05,10.040439,13.326231
mae,0.075,11.03643,12.524486
mae,0.1,11.484535,12.009582
mae,0.15,12.351199,10.912606
mse,0.05,8.230473,12.115449
mse,0.075,9.424714,10.834898
mse,0.1,10.007027,10.062133
mse,0.15,11.201197,8.500754
