metric,area,comp,suff
mae,0.05,9.961509,13.390179
mae,0.075,11.025898,12.54684
mae,0.1,11.520582,12.032328
mae,0.15,12.377273,10.9426
mse,0.05,8.102705,12.147555
mse,0.075,9.3915,10.802681
mse,0.1,10.050331,10.022514
mse,0.15,11.244682,8.473226
