metric,area,comp,suff
mae,0.05,9.932096,13.458835
mae,0.075,10.974764,12.583327
mae,0.1,11.476443,12.04861
mae,0.15,12.338324,10.937564
mse,0.05,8.105957,12.276519
mse,0.075,9.336831,10.900369
mse,0.1,9.974122,10.099745
mse,0.15,11.139633,8.501392
