metric,area,comp,suff
mae,0.05,5.172156,15.042927
mae,0.075,6.903256,14.34272
mae,0.1,7.693061,13.990116
mae,0.15,9.083431,13.323333
mse,0.05,3.002957,15.195796
mse,0.075,4.517238,14.038073
mse,0.1,5.279901,13.48369
mse,0.15,6.723167,12.455643
