metric,area,comp,suff
mae,0.05,10.648054,12.411798
mae,0.075,11.722514,11.328061
mae,0.1,12.221008,10.69016
mae,0.15,13.137336,9.334711
mse,0.05,8.840701,10.53925
mse,0.075,10.133755,8.944086
mse,0.1,10.795057,8.048125
mse,0.15,12.097707,6.304471
