metric,area,comp,suff
mae,0.05,8.159195,14.40292
mae,0.075,9.284932,13.997767
mae,0.1,9.805431,13.789431
mae,0.15,10.706362,13.404726
mse,0.05,5.902274,13.864349
mse,0.075,7.096972,13.126498
mse,0.1,7.694051,12.751134
mse,0.15,8.875863,12.063542
