metric,area,comp,suff
mae,0.05,11.641856,11.466208
mae,0.075,12.364521,10.07349
mae,0.1,12.792828,9.279641
mae,0.15,13.606617,7.844965
mse,0.05,9.961337,9.21135
mse,0.075,10.887914,7.268016
mse,0.1,11.499175,6.24911
mse,0.15,12.748156,4.632333
