metric,area,comp,suff
mae,0.05,10.648055,12.411834
mae,0.075,11.722518,11.328061
mae,0.1,12.221029,10.690114
mae,0.15,13.137333,9.334647
mse,0.05,8.840701,10.539351
mse,0.075,10.133759,8.944087
mse,0.1,10.795068,8.048102
mse,0.15,12.097705,6.304443
