metric,area,comp,suff
mae,0.05,8.159194,14.402948
mae,0.075,9.284942,13.997799
mae,0.1,9.80547,13.789497
mae,0.15,10.706361,13.404695
mse,0.05,5.902274,13.864351
mse,0.075,7.096973,13.126564
mse,0.1,7.69406,12.751247
mse,0.15,8.875865,12.063456
