metric,area,comp,suff
mae,0.05,8.377826,14.544363
mae,0.075,9.921656,14.366084
mae,0.1,10.723566,14.358863
mae,0.15,12.279264,14.489828
mse,0.05,6.099919,13.912264
mse,0.075,7.895317,13.579861
mse,0.1,8.964556,13.555783
mse,0.15,11.240512,13.76198
