metric,area,comp,suff
mae,0.05,10.896774,15.259269
mae,0.075,13.229035,15.800164
mae,0.1,14.485957,16.223602
mae,0.15,16.825449,17.235854
mse,0.05,8.759232,14.989354
mse,0.075,11.980667,15.938806
mse,0.1,13.96806,16.69999
mse,0.15,18.144822,18.553622
