metric,area,comp,suff
mae,0.05,11.835013,11.653685
mae,0.075,12.659374,10.21818
mae,0.1,13.10746,9.377789
mae,0.15,13.94406,7.916314
mse,0.05,10.343724,9.480385
mse,0.075,11.497909,7.459031
mse,0.1,12.151903,6.369818
mse,0.15,13.469672,4.697854
