metric,area,comp,suff
mae,0.05,11.912106,11.547348
mae,0.075,12.635943,10.107188
mae,0.1,13.079494,9.264884
mae,0.15,13.904452,7.846757
mse,0.05,10.461969,9.361231
mse,0.075,11.447182,7.333203
mse,0.1,12.104427,6.262594
mse,0.15,13.401942,4.643454
