metric,area,comp,suff
mae,0.05,11.835013,11.653685
mae,0.075,12.659374,10.218194
mae,0.1,13.107476,9.377789
mae,0.15,13.94409,7.916348
mse,0.05,10.343724,9.480385
mse,0.075,11.497908,7.459042
mse,0.1,12.151926,6.369817
mse,0.15,13.469729,4.69789
