metric,area,comp,suff
mae,0.05,11.904782,11.590136
mae,0.075,12.706685,10.183652
mae,0.1,13.133759,9.370458
mae,0.15,13.948686,7.907144
mse,0.05,10.3911,9.427317
mse,0.075,11.463981,7.413967
mse,0.1,12.086507,6.361012
mse,0.15,13.358082,4.686246
