metric,area,comp,suff
mae,0.05,11.920931,11.50825
mae,0.075,12.654514,10.1107
mae,0.1,13.075938,9.282803
mae,0.15,13.847089,7.85492
mse,0.05,10.41471,9.315529
mse,0.075,11.380552,7.339915
mse,0.1,11.982637,6.270028
mse,0.15,13.170609,4.654244
