metric,area,comp,suff
mae,0.05,11.675882,11.721224
mae,0.075,12.473229,10.323388
mae,0.1,12.910551,9.506069
mae,0.15,13.734275,8.02652
mse,0.05,10.124131,9.554952
mse,0.075,11.18186,7.559104
mse,0.1,11.807035,6.487049
mse,0.15,13.073789,4.779762
