metric,area,comp,suff
mae,0.05,9.131655,13.791528
mae,0.075,9.610012,13.643077
mae,0.1,9.82637,13.572372
mae,0.15,10.240525,13.402033
mse,0.05,7.818595,12.886859
mse,0.075,8.233964,12.643389
mse,0.1,8.422026,12.53363
mse,0.15,8.807172,12.270933
