metric,area,comp,suff
mae,0.05,9.034171,13.737574
mae,0.075,9.518029,13.586046
mae,0.1,9.731339,13.516037
mae,0.15,10.151846,13.360237
mse,0.05,7.790153,12.734038
mse,0.075,8.211173,12.481248
mse,0.1,8.397725,12.366045
mse,0.15,8.790678,12.121969
