metric,area,comp,suff
mae,0.05,9.052593,14.048556
mae,0.075,9.538743,13.887846
mae,0.1,9.770994,13.811976
mae,0.15,10.190757,13.658254
mse,0.05,7.712317,13.296898
mse,0.075,8.135537,13.028752
mse,0.1,8.347364,12.917451
mse,0.15,8.736666,12.688337
