metric,area,comp,suff
mae,0.05,11.765798,11.671869
mae,0.075,12.53207,10.243151
mae,0.1,12.971896,9.411451
mae,0.15,13.743107,7.941428
mse,0.05,10.177312,9.520781
mse,0.075,11.211763,7.48958
mse,0.1,11.862632,6.40564
mse,0.15,13.106611,4.70725
