metric,area,comp,suff
mae,0.05,11.982394,11.670525
mae,0.075,12.739804,10.242454
mae,0.1,13.148165,9.40983
mae,0.15,13.925732,7.942946
mse,0.05,10.596609,9.545051
mse,0.075,11.677777,7.461598
mse,0.1,12.2822,6.376675
mse,0.15,13.537392,4.703911
