metric,area,comp,suff
mae,0.05,7.324989,18.558796
mae,0.075,8.786946,17.738954
mae,0.1,9.622636,17.199176
mae,0.15,11.021153,16.042404
mse,0.05,5.120684,22.573561
mse,0.075,6.750638,20.745719
mse,0.1,7.77661,19.591394
mse,0.15,9.632653,17.212763
