metric,area,comp,suff
mae,0.05,2.749331,20.91695
mae,0.075,3.664351,20.5693
mae,0.1,4.401216,20.330567
mae,0.15,5.671701,19.656339
mse,0.05,0.841053,28.251233
mse,0.075,1.334386,27.423761
mse,0.1,1.804159,26.814456
mse,0.15,2.725307,25.273801
