metric,area,comp,suff
mae,0.05,5.373598,20.077597
mae,0.075,6.671551,19.538026
mae,0.1,7.439821,19.217143
mae,0.15,8.852061,18.519868
mse,0.05,2.847562,25.999644
mse,0.075,4.04488,24.685533
mse,0.1,4.841775,23.920448
mse,0.15,6.465503,22.299878
