metric,area,comp,suff
mae,0.05,8.814405,17.47618
mae,0.075,10.428453,16.606614
mae,0.1,11.304741,16.033471
mae,0.15,12.751735,14.815076
mse,0.05,6.998629,20.003082
mse,0.075,8.986038,18.159397
mse,0.1,10.177185,17.014707
mse,0.15,12.285904,14.679399
