metric,area,comp,suff
mae,0.05,5.072578,20.274956
mae,0.075,6.533541,19.957525
mae,0.1,7.467474,19.776065
mae,0.15,9.068426,19.354807
mse,0.05,2.71658,26.38995
mse,0.075,3.993742,25.61877
mse,0.1,4.874582,25.19802
mse,0.15,6.663648,24.21994
