metric,area,comp,suff
mae,0.05,7.520239,21.566911
mae,0.075,9.768246,21.687436
mae,0.1,10.905964,21.747977
mae,0.15,12.891023,21.61233
mse,0.05,4.535591,29.221266
mse,0.075,7.029725,29.419014
mse,0.1,8.530325,29.490417
mse,0.15,11.53105,29.080435
