metric,area,comp,suff
mae,0.05,11.431595,16.060888
mae,0.075,12.838493,14.74876
mae,0.1,13.530074,13.893521
mae,0.15,14.750451,12.160135
mse,0.05,10.407132,17.146443
mse,0.075,12.470374,14.625011
mse,0.1,13.562173,13.088957
mse,0.15,15.618572,10.198198
