metric,area,comp,suff
mae,0.05,10.502416,16.520928
mae,0.075,12.103091,15.309945
mae,0.1,12.948375,14.556844
mae,0.15,14.463023,12.973755
mse,0.05,9.26792,17.976763
mse,0.075,11.506745,15.580577
mse,0.1,12.790383,14.172906
mse,0.15,15.252124,11.431914
