metric,area,comp,suff
mae,0.05,11.001057,16.172526
mae,0.075,12.444757,14.939327
mae,0.1,13.191207,14.138709
mae,0.15,14.551119,12.571936
mse,0.05,9.933584,17.411854
mse,0.075,11.961516,14.993842
mse,0.1,13.096605,13.530941
mse,0.15,15.320159,10.850835
