metric,area,comp,suff
mae,0.05,7.545278,18.048775
mae,0.075,8.488101,17.590384
mae,0.1,9.136245,17.256667
mae,0.15,10.326826,16.481054
mse,0.05,5.144914,21.277529
mse,0.075,6.145651,20.295595
mse,0.1,6.899699,19.600012
mse,0.15,8.389245,18.017841
