metric,area,comp,suff
mae,0.05,11.428303,16.076308
mae,0.075,12.797503,14.798065
mae,0.1,13.474298,13.992596
mae,0.15,14.709397,12.370205
mse,0.05,10.410607,17.179794
mse,0.075,12.418716,14.71772
mse,0.1,13.47921,13.254222
mse,0.15,15.559719,10.509743
