metric,area,comp,suff
accuracy,0.05,0.918322,0.878368
accuracy,0.075,0.915067,0.885176
accuracy,0.1,0.913291,0.893816
accuracy,0.15,0.901532,0.903501
auc,0.05,0.625056,0.71566
auc,0.075,0.596675,0.733927
auc,0.1,0.578502,0.743006
auc,0.15,0.563075,0.7621
cross_entropy,0.05,0.243719,0.319995
cross_entropy,0.075,0.255727,0.307789
cross_entropy,0.1,0.267008,0.299381
cross_entropy,0.15,0.286113,0.285951
