metric,area,comp,suff
accuracy,0.05,0.936471,0.905912
accuracy,0.075,0.929961,0.913588
accuracy,0.1,0.928876,0.919014
accuracy,0.15,0.925974,0.92505
auc,0.05,0.556144,0.741817
auc,0.075,0.544548,0.747865
auc,0.1,0.528209,0.758379
auc,0.15,0.514302,0.765087
cross_entropy,0.05,0.216233,0.256807
cross_entropy,0.075,0.227667,0.243015
cross_entropy,0.1,0.233721,0.233976
cross_entropy,0.15,0.24267,0.22263
