metric,area,comp,suff
accuracy,0.05,0.930178,0.913725
accuracy,0.075,0.927791,0.918146
accuracy,0.1,0.922799,0.920276
accuracy,0.15,0.918893,0.928876
auc,0.05,0.54529,0.741495
auc,0.075,0.516854,0.749444
auc,0.1,0.498129,0.754707
auc,0.15,0.474287,0.768462
cross_entropy,0.05,0.220856,0.25048
cross_entropy,0.075,0.236843,0.23789
cross_entropy,0.1,0.245012,0.231147
cross_entropy,0.15,0.25547,0.219115
