metric,area,comp,suff
accuracy,0.05,0.982341,0.88995
accuracy,0.075,0.980605,0.892988
accuracy,0.1,0.979263,0.896203
accuracy,0.15,0.968509,0.901058
auc,0.05,0.798439,0.523775
auc,0.075,0.794397,0.537904
auc,0.1,0.787669,0.563642
auc,0.15,0.775187,0.604509
cross_entropy,0.05,0.099244,0.3077
cross_entropy,0.075,0.10685,0.301755
cross_entropy,0.1,0.115069,0.295503
cross_entropy,0.15,0.133558,0.280336
