metric,area,comp,suff
accuracy,0.05,0.798483,0.957031
accuracy,0.075,0.794359,0.962674
accuracy,0.1,0.799214,0.965712
accuracy,0.15,0.805331,0.969618
auc,0.05,0.496446,0.7417
auc,0.075,0.482979,0.753072
auc,0.1,0.474851,0.758263
auc,0.15,0.468591,0.764571
cross_entropy,0.05,0.442191,0.175317
cross_entropy,0.075,0.446601,0.159219
cross_entropy,0.1,0.444605,0.148384
cross_entropy,0.15,0.438946,0.136677
