metric,area,comp,suff
accuracy,0.05,0.845124,0.797751
accuracy,0.075,0.810973,0.772401
accuracy,0.1,0.786153,0.75565
accuracy,0.15,0.743281,0.727005
auc,0.05,0.685793,0.584406
auc,0.075,0.671537,0.585294
auc,0.1,0.663544,0.58914
auc,0.15,0.645199,0.592924
cross_entropy,0.05,0.360578,0.442944
cross_entropy,0.075,0.427738,0.485573
cross_entropy,0.1,0.484829,0.519669
cross_entropy,0.15,0.576573,0.578634
