metric,area,comp,suff
accuracy,0.05,0.911338,0.923314
accuracy,0.075,0.909859,0.923531
accuracy,0.1,0.912423,0.927043
accuracy,0.15,0.913034,0.926569
auc,0.05,0.435314,0.706727
auc,0.075,0.418532,0.711871
auc,0.1,0.412541,0.716844
auc,0.15,0.404038,0.731031
cross_entropy,0.05,0.269052,0.221961
cross_entropy,0.075,0.275739,0.217056
cross_entropy,0.1,0.276945,0.212346
cross_entropy,0.15,0.280279,0.206161
