metric,area,comp,suff
accuracy,0.05,0.910984,0.921931
accuracy,0.075,0.913588,0.928088
accuracy,0.1,0.911378,0.930001
accuracy,0.15,0.907689,0.936037
auc,0.05,0.46957,0.72737
auc,0.075,0.456581,0.72964
auc,0.1,0.450276,0.733946
auc,0.15,0.445372,0.740509
cross_entropy,0.05,0.261496,0.21991
cross_entropy,0.075,0.268224,0.213121
cross_entropy,0.1,0.27296,0.206865
cross_entropy,0.15,0.275351,0.200564
