metric,area,comp,suff
accuracy,0.05,0.843131,0.799391
accuracy,0.075,0.810024,0.776781
accuracy,0.1,0.781813,0.753303
accuracy,0.15,0.741979,0.72436
auc,0.05,0.629,0.539354
auc,0.075,0.617043,0.54109
auc,0.1,0.606958,0.537211
auc,0.15,0.600642,0.538631
cross_entropy,0.05,0.358042,0.442761
cross_entropy,0.075,0.426094,0.483806
cross_entropy,0.1,0.481399,0.52137
cross_entropy,0.15,0.569299,0.58218
