metric,area,comp,suff
accuracy,0.05,0.913942,0.826935
accuracy,0.075,0.876575,0.802373
accuracy,0.1,0.839643,0.776548
accuracy,0.15,0.773429,0.736063
auc,0.05,0.761914,0.531707
auc,0.075,0.753284,0.547432
auc,0.1,0.74523,0.570154
auc,0.15,0.732141,0.598543
cross_entropy,0.05,0.203435,0.385349
cross_entropy,0.075,0.271707,0.422428
cross_entropy,0.1,0.342582,0.461153
cross_entropy,0.15,0.47243,0.531182
