metric,area,comp,suff
accuracy,0.05,0.673499,0.627331
accuracy,0.075,0.567909,0.569348
accuracy,0.1,0.527464,0.537881
accuracy,0.15,0.508938,0.517265
auc,0.05,0.726261,0.526268
auc,0.075,0.71744,0.555301
auc,0.1,0.709685,0.580991
auc,0.15,0.689487,0.616774
cross_entropy,0.05,0.60596,0.723202
cross_entropy,0.075,0.903886,0.929088
cross_entropy,0.1,1.179986,1.097676
cross_entropy,0.15,1.560879,1.352484
