metric,area,comp,suff
accuracy,0.05,0.879043,0.958767
accuracy,0.075,0.865154,0.966797
accuracy,0.1,0.852784,0.973524
accuracy,0.15,0.842585,0.980252
auc,0.05,0.43511,0.773399
auc,0.075,0.414547,0.778873
auc,0.1,0.409524,0.780979
auc,0.15,0.397049,0.783087
cross_entropy,0.05,0.331039,0.15489
cross_entropy,0.075,0.352277,0.131319
cross_entropy,0.1,0.366643,0.115996
cross_entropy,0.15,0.385823,0.099381
