metric,area,comp,suff
accuracy,0.05,0.799849,0.961171
accuracy,0.075,0.798941,0.963992
accuracy,0.1,0.793949,0.967287
accuracy,0.15,0.804583,0.975357
auc,0.05,0.592873,0.827102
auc,0.075,0.580467,0.839237
auc,0.1,0.566346,0.848153
auc,0.15,0.55277,0.856884
cross_entropy,0.05,0.438397,0.173998
cross_entropy,0.075,0.44319,0.158477
cross_entropy,0.1,0.443137,0.147501
cross_entropy,0.15,0.43877,0.135034
