metric,area,comp,suff
accuracy,0.05,0.874799,0.963027
accuracy,0.075,0.865074,0.971137
accuracy,0.1,0.860693,0.976562
accuracy,0.15,0.852623,0.98112
auc,0.05,0.440291,0.733123
auc,0.075,0.421069,0.738534
auc,0.1,0.400286,0.742011
auc,0.15,0.39008,0.744997
cross_entropy,0.05,0.326452,0.152773
cross_entropy,0.075,0.34695,0.129161
cross_entropy,0.1,0.362129,0.114132
cross_entropy,0.15,0.379374,0.097355
