metric,area,comp,suff
accuracy,0.05,0.882001,0.958944
accuracy,0.075,0.878585,0.961725
accuracy,0.1,0.87373,0.963936
accuracy,0.15,0.863273,0.968276
auc,0.05,0.409225,0.738724
auc,0.075,0.395044,0.741957
auc,0.1,0.382764,0.743917
auc,0.15,0.36145,0.748045
cross_entropy,0.05,0.326987,0.161934
cross_entropy,0.075,0.338617,0.153653
cross_entropy,0.1,0.350106,0.14775
cross_entropy,0.15,0.371449,0.135244
