metric,area,comp,suff
accuracy,0.05,0.828792,0.948978
accuracy,0.075,0.807838,0.951799
accuracy,0.1,0.794777,0.954266
accuracy,0.15,0.785188,0.959692
auc,0.05,0.553332,0.817042
auc,0.075,0.538883,0.830069
auc,0.1,0.527567,0.832647
auc,0.15,0.508533,0.845993
cross_entropy,0.05,0.402792,0.203755
cross_entropy,0.075,0.434057,0.192774
cross_entropy,0.1,0.452984,0.186377
cross_entropy,0.15,0.470527,0.175863
