metric,area,comp,suff
accuracy,0.05,0.856988,0.91485
accuracy,0.075,0.851562,0.919407
accuracy,0.1,0.843533,0.922703
accuracy,0.15,0.835206,0.924913
auc,0.05,0.233615,0.150214
auc,0.075,0.232736,0.146408
auc,0.1,0.227421,0.15546
auc,0.15,0.227474,0.154431
cross_entropy,0.05,0.371459,0.242918
cross_entropy,0.075,0.388585,0.233189
cross_entropy,0.1,0.411225,0.225259
cross_entropy,0.15,0.437181,0.216166
