metric,area,comp,suff
accuracy,0.05,0.944935,0.912085
accuracy,0.075,0.936905,0.910566
accuracy,0.1,0.932742,0.917237
accuracy,0.15,0.924889,0.926352
auc,0.05,0.54634,0.702559
auc,0.075,0.518965,0.724024
auc,0.1,0.486839,0.742096
auc,0.15,0.458343,0.759726
cross_entropy,0.05,0.199938,0.264801
cross_entropy,0.075,0.219024,0.252815
cross_entropy,0.1,0.23403,0.243156
cross_entropy,0.15,0.250309,0.223757
