metric,area,comp,suff
accuracy,0.05,0.933136,0.894234
accuracy,0.075,0.927967,0.90027
accuracy,0.1,0.913902,0.911595
accuracy,0.15,0.897722,0.920493
auc,0.05,0.610883,0.672645
auc,0.075,0.590789,0.692206
auc,0.1,0.562615,0.705598
auc,0.15,0.531524,0.71444
cross_entropy,0.05,0.225073,0.295186
cross_entropy,0.075,0.241009,0.285041
cross_entropy,0.1,0.260826,0.274667
cross_entropy,0.15,0.289949,0.260968
