metric,area,comp,suff
accuracy,0.05,0.885232,0.954443
accuracy,0.075,0.878207,0.958213
accuracy,0.1,0.875603,0.963421
accuracy,0.15,0.867613,0.966893
auc,0.05,0.473745,0.74691
auc,0.075,0.465877,0.752856
auc,0.1,0.4517,0.756204
auc,0.15,0.431297,0.761953
cross_entropy,0.05,0.301537,0.171364
cross_entropy,0.075,0.313293,0.161712
cross_entropy,0.1,0.324143,0.151146
cross_entropy,0.15,0.341558,0.137148
