metric,area,comp,suff
mae,0.05,4.715859,24.152871
mae,0.075,5.808223,22.335018
mae,0.1,6.336702,21.20721
mae,0.15,7.358132,18.678604
mse,0.05,2.125495,34.137497
mse,0.075,2.885366,29.677139
mse,0.1,3.29802,27.056926
mse,0.15,4.182856,21.555329
