metric,area,comp,suff
mae,0.05,4.704153,24.196494
mae,0.075,5.796385,22.38386
mae,0.1,6.329724,21.270024
mae,0.15,7.345089,18.758791
mse,0.05,2.111933,34.267287
mse,0.075,2.876964,29.817102
mse,0.1,3.292677,27.231105
mse,0.15,4.163726,21.753123
