metric,area,comp,suff
mae,0.05,5.703257,22.643785
mae,0.075,7.040836,20.229996
mae,0.1,7.684808,18.840232
mae,0.15,8.894773,15.974051
mse,0.05,2.916987,29.995346
mse,0.075,4.02507,24.504982
mse,0.1,4.624407,21.566815
mse,0.15,5.874212,16.039206
