metric,area,comp,suff
mae,0.05,5.703257,22.643753
mae,0.075,7.04085,20.230084
mae,0.1,7.684721,18.840252
mae,0.15,8.894744,15.974092
mse,0.05,2.916987,29.99527
mse,0.075,4.025078,24.505261
mse,0.1,4.624389,21.56687
mse,0.15,5.874179,16.039254
