metric,area,comp,suff
mae,0.05,4.545168,23.821429
mae,0.075,5.746437,22.00879
mae,0.1,6.343759,20.943043
mae,0.15,7.513438,18.677685
mse,0.05,1.900762,32.996534
mse,0.075,2.742757,28.591303
mse,0.1,3.217321,26.142315
mse,0.15,4.267232,21.233428
