metric,area,comp,suff
mae,0.05,6.707896,21.760975
mae,0.075,7.885853,19.021591
mae,0.1,8.438497,17.493018
mae,0.15,9.562889,14.423913
mse,0.05,3.673374,28.323691
mse,0.075,4.731829,22.322739
mse,0.1,5.278747,19.230534
mse,0.15,6.532674,13.593089
