metric,area,comp,suff
mae,0.05,6.677005,21.718502
mae,0.075,7.867679,18.98448
mae,0.1,8.425278,17.470473
mae,0.15,9.553806,14.399225
mse,0.05,3.645206,28.202328
mse,0.075,4.710473,22.229727
mse,0.1,5.258837,19.177664
mse,0.15,6.514442,13.543144
