metric,area,comp,suff
mae,0.05,6.635238,21.802992
mae,0.075,7.822604,19.133807
mae,0.1,8.378882,17.645931
mae,0.15,9.513076,14.599347
mse,0.05,3.599428,28.447595
mse,0.075,4.674905,22.547156
mse,0.1,5.223521,19.521316
mse,0.15,6.473627,13.877212
