metric,area,comp,suff
mae,0.05,6.638894,21.810546
mae,0.075,7.82462,19.083052
mae,0.1,8.401279,17.547799
mae,0.15,9.541064,14.433906
mse,0.05,3.58085,28.376015
mse,0.075,4.644691,22.420861
mse,0.1,5.212361,19.332731
mse,0.15,6.470775,13.639443
