metric,area,comp,suff
mae,0.05,3.904019,25.004832
mae,0.075,4.563393,23.57643
mae,0.1,4.947126,22.66242
mae,0.15,5.823181,20.476775
mse,0.05,1.592414,36.225827
mse,0.075,1.941313,32.676899
mse,0.1,2.170705,30.4983
mse,0.15,2.776761,25.543772
