metric,area,comp,suff
mae,0.05,3.819269,24.959671
mae,0.075,4.478956,23.536916
mae,0.1,4.863808,22.614427
mae,0.15,5.749778,20.444382
mse,0.05,1.499299,35.987827
mse,0.075,1.855046,32.465117
mse,0.1,2.086176,30.272961
mse,0.15,2.695548,25.363776
