metric,area,comp,suff
mae,0.05,6.658179,21.682481
mae,0.075,7.829129,18.933927
mae,0.1,8.404989,17.397395
mae,0.15,9.541733,14.358396
mse,0.05,3.599049,28.106085
mse,0.075,4.654716,22.095411
mse,0.1,5.228326,18.994435
mse,0.15,6.485085,13.448793
