metric,area,comp,suff
mae,0.05,15.093719,22.822332
mae,0.075,15.642886,22.568701
mae,0.1,18.1064,20.899575
mae,0.15,19.7596,19.237323
mse,0.05,20.217258,35.564659
mse,0.075,20.862928,34.808039
mse,0.1,26.190973,30.339705
mse,0.15,29.601389,26.145881
