metric,area,comp,suff
mae,0.05,10.150517,24.866577
mae,0.075,10.839529,24.759418
mae,0.1,12.67153,22.619284
mae,0.15,14.214377,20.629619
mse,0.05,8.052233,37.566413
mse,0.075,8.914329,37.261922
mse,0.1,11.690039,31.730879
mse,0.15,14.299941,26.942413
