metric,area,comp,suff
mae,0.05,7.870928,15.695517
mae,0.075,9.241191,14.950806
mae,0.1,9.901287,14.516207
mae,0.15,11.142279,13.572726
mse,0.05,6.028931,16.086349
mse,0.075,7.443899,14.678028
mse,0.1,8.199422,13.892422
mse,0.15,9.769004,12.270615
