metric,area,comp,suff
mae,0.05,7.734043,15.66591
mae,0.075,9.124224,14.884032
mae,0.1,9.769216,14.439615
mae,0.15,10.990992,13.457392
mse,0.05,5.81745,16.069626
mse,0.075,7.274783,14.592659
mse,0.1,8.014885,13.792298
mse,0.15,9.534889,12.098823
