metric,area,comp,suff
mae,0.05,5.497637,16.92364
mae,0.075,6.79411,16.464946
mae,0.1,7.441419,16.216576
mae,0.15,8.694128,15.620808
mse,0.05,3.241657,18.317437
mse,0.075,4.379398,17.363106
mse,0.1,5.009406,16.858359
mse,0.15,6.380212,15.720203
