metric,area,comp,suff
mae,0.05,10.781325,14.38376
mae,0.075,12.075503,13.346789
mae,0.1,12.653699,12.733573
mae,0.15,13.735003,11.377875
mse,0.05,9.312764,13.824926
mse,0.075,11.036209,12.092804
mse,0.1,11.842164,11.122526
mse,0.15,13.418169,9.14419
