metric,area,comp,suff
mae,0.05,8.771994,15.187296
mae,0.075,10.083878,14.330462
mae,0.1,10.746374,13.843948
mae,0.15,12.031245,12.776755
mse,0.05,6.932973,15.109616
mse,0.075,8.420842,13.544299
mse,0.1,9.249639,12.708505
mse,0.15,11.037048,10.979188
