metric,area,comp,suff
mae,0.05,10.530355,14.263603
mae,0.075,11.817494,13.197092
mae,0.1,12.429905,12.567991
mae,0.15,13.553277,11.20444
mse,0.05,8.949921,13.556539
mse,0.075,10.6159,11.786444
mse,0.1,11.457532,10.805451
mse,0.15,13.121132,8.818553
