metric,area,comp,suff
mae,0.05,10.713843,14.372664
mae,0.075,11.963642,13.367274
mae,0.1,12.554094,12.768349
mae,0.15,13.673383,11.42484
mse,0.05,9.429862,13.766467
mse,0.075,11.03937,12.089665
mse,0.1,11.837945,11.152898
mse,0.15,13.466611,9.197929
