metric,area,comp,suff
mae,0.05,10.85247,14.195063
mae,0.075,12.103673,13.178822
mae,0.1,12.670857,12.58461
mae,0.15,13.777722,11.263774
mse,0.05,9.459564,13.515643
mse,0.075,11.073358,11.834359
mse,0.1,11.864994,10.903456
mse,0.15,13.488863,8.985882
