metric,area,comp,suff
mae,0.05,10.46858,14.17051
mae,0.075,11.813691,13.111895
mae,0.1,12.411867,12.513305
mae,0.15,13.519765,11.17524
mse,0.05,8.809044,13.425127
mse,0.075,10.56586,11.656392
mse,0.1,11.405037,10.72188
mse,0.15,13.017537,8.789065
