metric,area,comp,suff
mae,0.05,7.638734,15.667198
mae,0.075,8.340994,15.352144
mae,0.1,8.742039,15.145694
mae,0.15,9.583752,14.611918
mse,0.05,5.490129,16.1038
mse,0.075,6.099064,15.532673
mse,0.1,6.474919,15.168189
mse,0.15,7.355904,14.250258
