metric,area,comp,suff
mae,0.05,7.758432,15.874893
mae,0.075,8.487618,15.559695
mae,0.1,8.853605,15.3539
mae,0.15,9.66879,14.831036
mse,0.05,5.699371,16.495683
mse,0.075,6.342092,15.92777
mse,0.1,6.69248,15.565868
mse,0.15,7.539224,14.670468
