metric,area,comp,suff
mae,0.05,10.523502,14.200583
mae,0.075,11.827072,13.146592
mae,0.1,12.443048,12.525797
mae,0.15,13.565073,11.160467
mse,0.05,8.733009,13.468572
mse,0.075,10.439432,11.731004
mse,0.1,11.318414,10.766272
mse,0.15,12.98891,8.795302
