metric,area,comp,suff
accuracy,0.05,0.981554,0.958132
accuracy,0.075,0.979737,0.957224
accuracy,0.1,0.979954,0.957698
accuracy,0.15,0.979303,0.959611
auc,0.05,0.542662,0.468486
auc,0.075,0.536831,0.480181
auc,0.1,0.537397,0.495794
auc,0.15,0.529169,0.51865
cross_entropy,0.05,0.113075,0.18325
cross_entropy,0.075,0.112856,0.184881
cross_entropy,0.1,0.11137,0.187063
cross_entropy,0.15,0.110921,0.187371
