metric,area,comp,suff
accuracy,0.05,0.989503,0.966636
accuracy,0.075,0.985733,0.963381
accuracy,0.1,0.98378,0.964466
accuracy,0.15,0.9794,0.965768
auc,0.05,0.481778,0.306762
auc,0.075,0.476081,0.333391
auc,0.1,0.472966,0.348138
auc,0.15,0.46795,0.371606
cross_entropy,0.05,0.110035,0.184506
cross_entropy,0.075,0.111129,0.181141
cross_entropy,0.1,0.112371,0.179396
cross_entropy,0.15,0.115801,0.175704
