metric,area,comp,suff
accuracy,0.05,0.981554,0.94176
accuracy,0.075,0.980035,0.943713
accuracy,0.1,0.978516,0.943062
accuracy,0.15,0.978733,0.951132
auc,0.05,0.511667,0.438787
auc,0.075,0.511066,0.455776
auc,0.1,0.509163,0.464318
auc,0.15,0.492046,0.485743
cross_entropy,0.05,0.103043,0.213189
cross_entropy,0.075,0.104607,0.212021
cross_entropy,0.1,0.107377,0.20822
cross_entropy,0.15,0.114748,0.194301
