metric,area,comp,suff
accuracy,0.05,0.932782,0.883656
accuracy,0.075,0.900801,0.834177
accuracy,0.1,0.8732,0.789569
accuracy,0.15,0.826284,0.720735
auc,0.05,0.490113,0.327973
auc,0.075,0.486218,0.34995
auc,0.1,0.483963,0.373959
auc,0.15,0.482942,0.397386
cross_entropy,0.05,0.181608,0.288223
cross_entropy,0.075,0.227934,0.350043
cross_entropy,0.1,0.272457,0.411666
cross_entropy,0.15,0.352974,0.51866
