metric,area,comp,suff
accuracy,0.05,0.87971,0.762973
accuracy,0.075,0.825473,0.700802
accuracy,0.1,0.77834,0.651894
accuracy,0.15,0.697274,0.59543
auc,0.05,0.51973,0.383858
auc,0.075,0.514497,0.397632
auc,0.1,0.509758,0.400886
auc,0.15,0.503602,0.410732
cross_entropy,0.05,0.252813,0.456608
cross_entropy,0.075,0.347928,0.586066
cross_entropy,0.1,0.441928,0.69579
cross_entropy,0.15,0.619669,0.871311
