metric,area,comp,suff
accuracy,0.05,0.523003,0.502604
accuracy,0.075,0.503906,0.500651
accuracy,0.1,0.502387,0.500217
accuracy,0.15,0.500434,0.500217
auc,0.05,0.497274,0.385703
auc,0.075,0.495088,0.40572
auc,0.1,0.490973,0.42912
auc,0.15,0.484347,0.441088
cross_entropy,0.05,1.052718,1.455183
cross_entropy,0.075,1.539995,1.919127
cross_entropy,0.1,1.929695,2.25328
cross_entropy,0.15,2.490854,2.702716
