metric,area,comp,suff
accuracy,0.05,0.971925,0.972793
accuracy,0.075,0.971531,0.974095
accuracy,0.1,0.971097,0.975357
accuracy,0.15,0.966363,0.979874
auc,0.05,0.468058,0.422987
auc,0.075,0.461923,0.443087
auc,0.1,0.454693,0.456527
auc,0.15,0.4389,0.470179
cross_entropy,0.05,0.141942,0.150921
cross_entropy,0.075,0.148041,0.142707
cross_entropy,0.1,0.153899,0.134674
cross_entropy,0.15,0.161139,0.126432
