metric,area,comp,suff
accuracy,0.05,0.973444,0.974232
accuracy,0.075,0.968019,0.974015
accuracy,0.1,0.962553,0.975791
accuracy,0.15,0.957602,0.977567
auc,0.05,0.481864,0.447062
auc,0.075,0.463379,0.463802
auc,0.1,0.444975,0.475328
auc,0.15,0.416998,0.491883
cross_entropy,0.05,0.143971,0.146453
cross_entropy,0.075,0.156708,0.141169
cross_entropy,0.1,0.167755,0.136127
cross_entropy,0.15,0.184309,0.127209
