metric,area,comp,suff
accuracy,0.05,0.990885,0.984729
accuracy,0.075,0.988715,0.987847
accuracy,0.1,0.983941,0.987847
accuracy,0.15,0.983507,0.989149
auc,0.05,0.219374,0.121482
auc,0.075,0.218376,0.129833
auc,0.1,0.217372,0.136089
auc,0.15,0.214885,0.143147
cross_entropy,0.05,0.131589,0.149644
cross_entropy,0.075,0.132313,0.14247
cross_entropy,0.1,0.133718,0.139948
cross_entropy,0.15,0.129632,0.141448
