metric,area,comp,suff
accuracy,0.05,0.9898,0.966363
accuracy,0.075,0.986111,0.965929
accuracy,0.1,0.98546,0.963542
accuracy,0.15,0.983073,0.964844
auc,0.05,0.537033,0.388346
auc,0.075,0.535283,0.407699
auc,0.1,0.533865,0.423438
auc,0.15,0.532917,0.450719
cross_entropy,0.05,0.111831,0.173746
cross_entropy,0.075,0.113075,0.169362
cross_entropy,0.1,0.113944,0.16809
cross_entropy,0.15,0.113671,0.168094
