metric,area,comp,suff
accuracy,0.05,0.979167,0.972793
accuracy,0.075,0.974392,0.974529
accuracy,0.1,0.974826,0.976482
accuracy,0.15,0.97092,0.977607
auc,0.05,0.523656,0.445837
auc,0.075,0.516746,0.468217
auc,0.1,0.512322,0.478822
auc,0.15,0.500333,0.491213
cross_entropy,0.05,0.13309,0.150833
cross_entropy,0.075,0.140743,0.143853
cross_entropy,0.1,0.145939,0.139511
cross_entropy,0.15,0.157219,0.133934
