metric,area,comp,suff
mae,0.05,7.549196,15.383481
mae,0.075,8.884033,14.650285
mae,0.1,9.525487,14.238066
mae,0.15,10.724843,13.339385
mse,0.05,5.842157,15.281928
mse,0.075,7.203371,13.92379
mse,0.1,7.899481,13.203152
mse,0.15,9.320623,11.722415
