metric,area,comp,suff
mae,0.05,7.588033,15.390542
mae,0.075,8.927321,14.656104
mae,0.1,9.55882,14.230193
mae,0.15,10.781664,13.287319
mse,0.05,5.900978,15.291241
mse,0.075,7.278702,13.944579
mse,0.1,7.997355,13.190851
mse,0.15,9.468861,11.612023
