metric,area,comp,suff
mae,0.05,8.734593,14.979029
mae,0.075,10.056124,14.149684
mae,0.1,10.707104,13.674864
mae,0.15,11.944243,12.66503
mse,0.05,7.215959,14.498139
mse,0.075,8.696081,13.008521
mse,0.1,9.488502,12.205477
mse,0.15,11.107071,10.607101
