metric,area,comp,suff
mae,0.05,10.645846,13.990824
mae,0.075,11.894115,12.957807
mae,0.1,12.481633,12.357442
mae,0.15,13.544819,11.042761
mse,0.05,9.445848,12.943612
mse,0.075,10.986871,11.266342
mse,0.1,11.750873,10.345138
mse,0.15,13.237368,8.462688
