metric,area,comp,suff
mae,0.05,5.509968,16.865629
mae,0.075,6.814938,16.399483
mae,0.1,7.461093,16.126116
mae,0.15,8.689976,15.53107
mse,0.05,3.29577,18.124155
mse,0.075,4.450078,17.225091
mse,0.1,5.094864,16.712632
mse,0.15,6.436109,15.638946
