metric,area,comp,suff
mae,0.05,10.615206,14.002249
mae,0.075,11.952215,12.953518
mae,0.1,12.561516,12.351851
mae,0.15,13.66633,11.020019
mse,0.05,9.381029,12.928317
mse,0.075,11.074268,11.219997
mse,0.1,11.897048,10.301703
mse,0.15,13.452906,8.403245
