metric,area,comp,suff
mae,0.05,10.624719,13.942901
mae,0.075,11.905945,12.920538
mae,0.1,12.501348,12.321473
mae,0.15,13.580864,11.003884
mse,0.05,9.542369,12.879632
mse,0.075,11.112867,11.207012
mse,0.1,11.887133,10.285741
mse,0.15,13.374451,8.410166
