metric,area,comp,suff
mae,0.05,10.633486,14.012088
mae,0.075,11.955792,12.979512
mae,0.1,12.564627,12.393922
mae,0.15,13.670107,11.056699
mse,0.05,9.471239,12.955461
mse,0.075,11.120699,11.279533
mse,0.1,11.932671,10.387625
mse,0.15,13.511172,8.469892
