metric,area,comp,suff
mae,0.05,10.789951,13.950949
mae,0.075,11.972101,12.931726
mae,0.1,12.539643,12.333451
mae,0.15,13.596894,11.022506
mse,0.05,9.744999,12.885075
mse,0.075,11.182413,11.226757
mse,0.1,11.920627,10.31932
mse,0.15,13.3705,8.44766
