metric,area,comp,suff
mae,0.05,7.597386,15.618571
mae,0.075,8.329804,15.29028
mae,0.1,8.73023,15.089377
mae,0.15,9.578856,14.583092
mse,0.05,5.754824,15.728462
mse,0.075,6.406611,15.120824
mse,0.1,6.792231,14.765034
mse,0.15,7.648239,13.885088
