metric,area,comp,suff
mae,0.05,7.706238,15.602325
mae,0.075,8.423051,15.292729
mae,0.1,8.838013,15.082874
mae,0.15,9.719551,14.569843
mse,0.05,5.994026,15.732954
mse,0.075,6.629019,15.174669
mse,0.1,7.032169,14.80874
mse,0.15,7.95496,13.935931
