metric,area,comp,suff
mae,0.05,10.690463,13.918902
mae,0.075,12.007829,12.866697
mae,0.1,12.600224,12.260612
mae,0.15,13.640027,10.935702
mse,0.05,9.540761,12.755224
mse,0.075,11.178276,11.073256
mse,0.1,11.964599,10.154256
mse,0.15,13.426639,8.299931
