metric,area,comp,suff
mae,0.05,6.046302,27.081191
mae,0.075,7.274035,25.372857
mae,0.1,8.02252,24.304511
mae,0.15,9.308584,21.919516
mse,0.05,3.290403,41.884526
mse,0.075,4.390393,37.191307
mse,0.1,5.126695,34.377422
mse,0.15,6.476833,28.443056
