metric,area,comp,suff
mae,0.05,2.70508,28.689271
mae,0.075,3.576292,27.635579
mae,0.1,4.280816,26.891406
mae,0.15,5.556324,25.1546
mse,0.05,0.683999,46.536606
mse,0.075,1.094303,43.576688
mse,0.1,1.515898,41.49663
mse,0.15,2.446534,36.873784
