metric,area,comp,suff
mae,0.05,7.287572,25.81319
mae,0.075,8.83197,23.718161
mae,0.1,9.707488,22.421564
mae,0.15,11.336352,19.570678
mse,0.05,4.529715,38.332273
mse,0.075,6.194933,32.939177
mse,0.1,7.228949,29.75283
mse,0.15,9.350384,23.204616
