metric,area,comp,suff
mae,0.05,5.295765,26.907676
mae,0.075,6.751401,25.354436
mae,0.1,7.62855,24.429255
mae,0.15,9.253657,22.449988
mse,0.05,2.454507,41.226055
mse,0.075,3.751871,37.099787
mse,0.1,4.643248,34.745313
mse,0.15,6.548983,29.925259
