metric,area,comp,suff
mae,0.05,4.945604,26.844431
mae,0.075,6.521244,25.367048
mae,0.1,7.505781,24.466823
mae,0.15,9.428017,22.623087
mse,0.05,2.407949,41.305618
mse,0.075,3.826949,37.493328
mse,0.1,4.839041,35.22564
mse,0.15,7.123528,30.709578
