metric,area,comp,suff
mae,0.05,5.671634,26.272873
mae,0.075,7.498988,24.766136
mae,0.1,8.607376,23.901985
mae,0.15,10.857468,22.318871
mse,0.05,2.900928,39.991422
mse,0.075,4.69413,36.192154
mse,0.1,5.95147,34.052162
mse,0.15,8.93449,30.270419
