metric,area,comp,suff
mae,0.05,9.770858,24.636041
mae,0.075,10.923447,22.082845
mae,0.1,11.522507,20.557236
mae,0.15,12.755642,17.354509
mse,0.05,7.236038,35.087386
mse,0.075,8.681211,28.666304
mse,0.1,9.478883,25.095206
mse,0.15,11.288993,18.334585
