metric,area,comp,suff
mae,0.05,5.891581,23.879768
mae,0.075,8.217339,22.649306
mae,0.1,9.531526,21.937177
mae,0.15,12.205954,20.342396
mse,0.05,3.734425,39.059328
mse,0.075,6.669795,35.526718
mse,0.1,8.581385,33.584973
mse,0.15,13.225359,29.331516
