metric,area,comp,suff
mae,0.05,8.336293,24.751198
mae,0.075,9.749824,22.236105
mae,0.1,10.596046,20.747282
mae,0.15,12.17467,17.631929
mse,0.05,5.655353,35.148889
mse,0.075,7.249683,28.852837
mse,0.1,8.293286,25.366263
mse,0.15,10.460157,18.775011
