metric,area,comp,suff
mae,0.05,5.230132,27.433929
mae,0.075,6.174151,26.187601
mae,0.1,6.847379,25.345602
mae,0.15,8.028802,23.369858
mse,0.05,2.389319,42.672215
mse,0.075,3.150737,39.233571
mse,0.1,3.747195,36.972831
mse,0.15,4.876042,31.910396
