metric,area,comp,suff
mae,0.05,9.726688,24.628541
mae,0.075,10.86096,22.083033
mae,0.1,11.463085,20.558707
mae,0.15,12.722726,17.388266
mse,0.05,7.164283,35.065924
mse,0.075,8.591594,28.668742
mse,0.1,9.396344,25.099384
mse,0.15,11.249175,18.408795
