metric,area,comp,suff
mae,0.05,8.118728,15.753337
mae,0.075,9.479825,15.01361
mae,0.1,10.111107,14.558125
mae,0.15,11.321375,13.59505
mse,0.05,6.782452,16.045391
mse,0.075,8.220212,14.645472
mse,0.1,8.918369,13.809076
mse,0.15,10.382234,12.153124
