metric,area,comp,suff
mae,0.05,8.357132,15.191049
mae,0.075,9.709545,14.439851
mae,0.1,10.342181,14.014777
mae,0.15,11.524974,13.072009
mse,0.05,7.203001,15.205103
mse,0.075,8.637849,13.804372
mse,0.1,9.346787,13.047372
mse,0.15,10.820821,11.463964
