metric,area,comp,suff
mae,0.05,5.739479,16.64734
mae,0.075,7.061952,16.166933
mae,0.1,7.727196,15.893372
mae,0.15,8.941964,15.286274
mse,0.05,3.784324,17.983468
mse,0.075,4.960225,17.036307
mse,0.1,5.631901,16.511071
mse,0.15,6.9834,15.385304
