metric,area,comp,suff
mae,0.05,9.379907,14.472442
mae,0.075,10.56061,13.683457
mae,0.1,11.128187,13.222708
mae,0.15,12.230626,12.213353
mse,0.05,8.593841,13.900861
mse,0.075,9.862736,12.491005
mse,0.1,10.519047,11.725003
mse,0.15,11.868237,10.161257
