metric,area,comp,suff
mae,0.05,10.976015,13.911155
mae,0.075,12.179151,12.900263
mae,0.1,12.727453,12.328454
mae,0.15,13.802972,11.013085
mse,0.05,10.086006,12.833867
mse,0.075,11.539828,11.207003
mse,0.1,12.237219,10.356157
mse,0.15,13.693656,8.510699
