metric,area,comp,suff
mae,0.05,11.400266,13.573984
mae,0.075,12.579021,12.5685
mae,0.1,13.119589,11.99636
mae,0.15,14.107881,10.721517
mse,0.05,10.69792,12.425501
mse,0.075,12.247795,10.815587
mse,0.1,13.018126,9.961863
mse,0.15,14.409163,8.209582
