metric,area,comp,suff
mae,0.05,11.110391,14.068014
mae,0.075,12.334476,13.021285
mae,0.1,12.904137,12.436425
mae,0.15,13.953584,11.116036
mse,0.05,10.208146,13.129504
mse,0.075,11.731656,11.424217
mse,0.1,12.464733,10.534262
mse,0.15,13.90866,8.670898
