metric,area,comp,suff
mae,0.05,10.986865,13.912943
mae,0.075,12.189007,12.899297
mae,0.1,12.738613,12.329548
mae,0.15,13.81294,11.015584
mse,0.05,10.100056,12.841713
mse,0.075,11.55453,11.210677
mse,0.1,12.25445,10.361276
mse,0.15,13.710087,8.518363
