metric,area,comp,suff
mae,0.05,11.238931,13.479225
mae,0.075,12.432307,12.487758
mae,0.1,12.959451,11.916983
mae,0.15,13.94133,10.656917
mse,0.05,10.520998,12.267003
mse,0.075,12.03749,10.707558
mse,0.1,12.754604,9.870897
mse,0.15,14.113241,8.127006
