metric,area,comp,suff
mae,0.05,8.480703,15.133669
mae,0.075,9.169711,14.841231
mae,0.1,9.54278,14.658844
mae,0.15,10.295809,14.182581
mse,0.05,7.200946,15.118694
mse,0.075,7.828597,14.596268
mse,0.1,8.202706,14.283518
mse,0.15,8.987292,13.474652
