metric,area,comp,suff
mae,0.05,8.052398,15.663465
mae,0.075,8.763593,15.366862
mae,0.1,9.142763,15.177808
mae,0.15,9.938005,14.700189
mse,0.05,6.781939,15.84161
mse,0.075,7.397557,15.306979
mse,0.1,7.751689,14.977072
mse,0.15,8.5461,14.164682
