metric,area,comp,suff
mae,0.05,11.399958,13.573956
mae,0.075,12.57928,12.568334
mae,0.1,13.119598,11.996255
mae,0.15,14.107685,10.721472
mse,0.05,10.697522,12.425354
mse,0.075,12.248204,10.815377
mse,0.1,13.018056,9.961575
mse,0.15,14.409007,8.209301
