metric,area,comp,suff
mae,0.05,12.067236,16.902433
mae,0.075,13.390186,16.043642
mae,0.1,14.295068,15.298378
mae,0.15,15.982858,13.576119
mse,0.05,12.663281,19.073794
mse,0.075,14.662142,17.355563
mse,0.1,16.090183,15.918876
mse,0.15,18.871264,12.792686
