metric,area,comp,suff
accuracy,0.05,0.993056,0.991319
accuracy,0.075,0.992405,0.991319
accuracy,0.1,0.991753,0.991319
accuracy,0.15,0.991319,0.991319
auc,0.05,0.233531,0.21132
auc,0.075,0.233871,0.223746
auc,0.1,0.233871,0.228812
auc,0.15,0.233647,0.232736
cross_entropy,0.05,0.042484,0.071218
cross_entropy,0.075,0.041454,0.073391
cross_entropy,0.1,0.041071,0.076041
cross_entropy,0.15,0.041535,0.08013
