metric,area,comp,suff
accuracy,0.05,0.995009,0.991319
accuracy,0.075,0.994141,0.991319
accuracy,0.1,0.993273,0.991319
accuracy,0.15,0.992622,0.991319
auc,0.05,0.27733,0.210797
auc,0.075,0.277106,0.240591
auc,0.1,0.276658,0.259857
auc,0.15,0.276658,0.271505
cross_entropy,0.05,0.032384,0.049207
cross_entropy,0.075,0.030082,0.047298
cross_entropy,0.1,0.028662,0.045814
cross_entropy,0.15,0.02738,0.044834
