metric,area,comp,suff
accuracy,0.05,0.995009,0.991319
accuracy,0.075,0.994141,0.991319
accuracy,0.1,0.99349,0.991319
accuracy,0.15,0.992405,0.992188
auc,0.05,0.25,0.170258
auc,0.075,0.25,0.19238
auc,0.1,0.249884,0.20955
auc,0.15,0.249769,0.228103
cross_entropy,0.05,0.039968,0.051405
cross_entropy,0.075,0.040295,0.052773
cross_entropy,0.1,0.041337,0.055104
cross_entropy,0.15,0.043939,0.062029
