metric,area,comp,suff
accuracy,0.05,0.992839,0.991319
accuracy,0.075,0.992188,0.991319
accuracy,0.1,0.991753,0.991319
accuracy,0.15,0.991753,0.991753
auc,0.05,0.206541,0.191379
auc,0.075,0.206086,0.198376
auc,0.1,0.20563,0.201471
auc,0.15,0.20597,0.205059
cross_entropy,0.05,0.050637,0.062643
cross_entropy,0.075,0.050136,0.063304
cross_entropy,0.1,0.050404,0.063164
cross_entropy,0.15,0.051128,0.06251
