metric,area,comp,suff
accuracy,0.05,0.993273,0.991319
accuracy,0.075,0.992839,0.991319
accuracy,0.1,0.991753,0.991319
accuracy,0.15,0.991753,0.991319
auc,0.05,0.222106,0.192146
auc,0.075,0.222222,0.204212
auc,0.1,0.222222,0.214202
auc,0.15,0.220878,0.221464
cross_entropy,0.05,0.028873,0.050698
cross_entropy,0.075,0.027661,0.050197
cross_entropy,0.1,0.027344,0.049952
cross_entropy,0.15,0.027848,0.049085
