metric,area,comp,suff
accuracy,0.05,0.993924,0.991319
accuracy,0.075,0.993707,0.991319
accuracy,0.1,0.993273,0.991319
accuracy,0.15,0.991753,0.991319
auc,0.05,0.207726,0.166276
auc,0.075,0.207278,0.185585
auc,0.1,0.206714,0.194158
auc,0.15,0.20643,0.205079
cross_entropy,0.05,0.03545,0.047016
cross_entropy,0.075,0.034175,0.044404
cross_entropy,0.1,0.033518,0.042285
cross_entropy,0.15,0.032621,0.039537
