metric,area,comp,suff
accuracy,0.05,0.991753,0.991319
accuracy,0.075,0.991753,0.991319
accuracy,0.1,0.991753,0.991319
accuracy,0.15,0.991753,0.991536
auc,0.05,0.246378,0.23134
auc,0.075,0.246841,0.234931
auc,0.1,0.245721,0.237186
auc,0.15,0.243929,0.245049
cross_entropy,0.05,0.052212,0.060957
cross_entropy,0.075,0.051708,0.061534
cross_entropy,0.1,0.051641,0.061672
cross_entropy,0.15,0.052122,0.061533
