metric,area,comp,suff
accuracy,0.05,0.993924,0.991319
accuracy,0.075,0.992839,0.991319
accuracy,0.1,0.993056,0.991319
accuracy,0.15,0.992188,0.99197
auc,0.05,0.249552,0.21427
auc,0.075,0.249096,0.231164
auc,0.1,0.24932,0.239049
auc,0.15,0.247969,0.246132
cross_entropy,0.05,0.034562,0.04565
cross_entropy,0.075,0.033846,0.043208
cross_entropy,0.1,0.033231,0.041907
cross_entropy,0.15,0.032602,0.041671
