metric,area,comp,suff
accuracy,0.05,0.991753,0.991536
accuracy,0.075,0.991319,0.991319
accuracy,0.1,0.991319,0.993707
accuracy,0.15,0.991319,0.995443
auc,0.05,0.245072,0.244168
auc,0.075,0.242608,0.246184
auc,0.1,0.238344,0.248208
auc,0.15,0.230488,0.249104
cross_entropy,0.05,0.047664,0.064806
cross_entropy,0.075,0.049136,0.067641
cross_entropy,0.1,0.050711,0.069006
cross_entropy,0.15,0.052802,0.070105
