metric,area,comp,suff
accuracy,0.05,0.995877,0.991319
accuracy,0.075,0.996094,0.991319
accuracy,0.1,0.995226,0.991319
accuracy,0.15,0.994141,0.991319
auc,0.05,0.25,0.225586
auc,0.075,0.25,0.236152
auc,0.1,0.25,0.241543
auc,0.15,0.249552,0.24661
cross_entropy,0.05,0.03849,0.041335
cross_entropy,0.075,0.036866,0.039878
cross_entropy,0.1,0.035402,0.038604
cross_entropy,0.15,0.032626,0.038876
