metric,area,comp,suff
accuracy,0.05,0.995877,0.991319
accuracy,0.075,0.995443,0.991319
accuracy,0.1,0.994358,0.991319
accuracy,0.15,0.992622,0.991319
auc,0.05,0.25,0.23638
auc,0.075,0.25,0.243097
auc,0.1,0.25,0.24695
auc,0.15,0.249776,0.248656
cross_entropy,0.05,0.038639,0.040788
cross_entropy,0.075,0.037083,0.038816
cross_entropy,0.1,0.035447,0.03811
cross_entropy,0.15,0.032951,0.038078
