metric,area,comp,suff
accuracy,0.05,0.99349,0.991319
accuracy,0.075,0.99349,0.991319
accuracy,0.1,0.992622,0.991319
accuracy,0.15,0.99197,0.992622
auc,0.05,0.23588,0.227557
auc,0.075,0.23588,0.23134
auc,0.1,0.235764,0.232366
auc,0.15,0.234976,0.234513
cross_entropy,0.05,0.031204,0.043037
cross_entropy,0.075,0.030809,0.041818
cross_entropy,0.1,0.030723,0.042097
cross_entropy,0.15,0.031762,0.042368
