metric,area,comp,suff
mae,0.05,4.346504,23.181848
mae,0.075,5.16322,21.224928
mae,0.1,5.550408,20.034557
mae,0.15,6.277878,17.399931
mse,0.05,1.765761,31.712203
mse,0.075,2.291654,27.157233
mse,0.1,2.571461,24.520235
mse,0.15,3.144476,19.069979
