metric,area,comp,suff
mae,0.05,4.384867,23.371505
mae,0.075,5.198874,21.409764
mae,0.1,5.582234,20.20986
mae,0.15,6.333459,17.55197
mse,0.05,1.833007,32.165041
mse,0.075,2.365273,27.569435
mse,0.1,2.642402,24.908387
mse,0.15,3.237553,19.388422
