metric,area,comp,suff
mae,0.05,5.287214,21.539974
mae,0.075,6.209566,18.946633
mae,0.1,6.666039,17.504969
mae,0.15,7.576741,14.598476
mse,0.05,2.517668,27.669844
mse,0.075,3.235132,22.028929
mse,0.1,3.622206,19.085238
mse,0.15,4.469875,13.67187
