metric,area,comp,suff
mae,0.05,6.367045,20.546112
mae,0.075,7.200312,17.614885
mae,0.1,7.58424,16.01405
mae,0.15,8.365897,12.929664
mse,0.05,3.380849,25.583764
mse,0.075,4.114555,19.455383
mse,0.1,4.477193,16.401662
mse,0.15,5.27512,11.093591
