metric,area,comp,suff
mae,0.05,4.088406,22.823049
mae,0.075,5.074179,20.956327
mae,0.1,5.527976,19.875809
mae,0.15,6.412499,17.541437
mse,0.05,1.591402,31.017572
mse,0.075,2.221769,26.657096
mse,0.1,2.551772,24.262023
mse,0.15,3.278971,19.327821
