metric,area,comp,suff
mae,0.05,6.184616,19.957691
mae,0.075,7.000805,17.114866
mae,0.1,7.413129,15.575878
mae,0.15,8.202967,12.619099
mse,0.05,3.129506,24.288499
mse,0.075,3.831025,18.478712
mse,0.1,4.217717,15.591285
mse,0.15,5.028473,10.606971
