metric,area,comp,suff
mae,0.05,6.184616,19.957696
mae,0.075,7.000805,17.114863
mae,0.1,7.413129,15.575848
mae,0.15,8.202954,12.619121
mse,0.05,3.129506,24.28851
mse,0.075,3.831025,18.478707
mse,0.1,4.217717,15.591251
mse,0.15,5.028424,10.606991
