metric,area,comp,suff
mae,0.05,6.136589,20.48027
mae,0.075,6.961295,17.589266
mae,0.1,7.372783,15.99735
mae,0.15,8.222645,12.973678
mse,0.05,3.108919,25.369574
mse,0.075,3.825491,19.351072
mse,0.1,4.204059,16.302542
mse,0.15,5.058289,11.112337
