metric,area,comp,suff
mae,0.05,6.332893,20.267629
mae,0.075,7.133085,17.350735
mae,0.1,7.524656,15.781665
mae,0.15,8.372753,12.800421
mse,0.05,3.327015,25.081757
mse,0.075,4.030444,19.042736
mse,0.1,4.39626,16.057156
mse,0.15,5.272794,10.955848
