metric,area,comp,suff
mae,0.05,3.917761,23.407208
mae,0.075,4.463698,21.774227
mae,0.1,4.781149,20.750197
mae,0.15,5.507375,18.371074
mse,0.05,1.642641,32.274469
mse,0.075,1.929182,28.3838
mse,0.1,2.117021,26.051736
mse,0.15,2.597097,20.962127
