metric,area,comp,suff
mae,0.05,3.803877,23.112183
mae,0.075,4.313776,21.440465
mae,0.1,4.63165,20.383
mae,0.15,5.341439,18.02923
mse,0.05,1.508211,31.570161
mse,0.075,1.773488,27.641504
mse,0.1,1.961887,25.291981
mse,0.15,2.421355,20.353804
