metric,area,comp,suff
mae,0.05,6.173103,20.149235
mae,0.075,7.008124,17.292615
mae,0.1,7.409629,15.769461
mae,0.15,8.220467,12.753901
mse,0.05,3.109993,24.748291
mse,0.075,3.820891,18.860518
mse,0.1,4.198596,15.987505
mse,0.15,5.018538,10.838786
