metric,area,comp,suff
accuracy,0.05,0.944895,0.965824
accuracy,0.075,0.928755,0.966299
accuracy,0.1,0.914215,0.969297
accuracy,0.15,0.897995,0.972592
auc,0.05,0.485173,0.375456
auc,0.075,0.471835,0.400896
auc,0.1,0.448632,0.408577
auc,0.15,0.424823,0.427708
cross_entropy,0.05,0.178004,0.150409
cross_entropy,0.075,0.204549,0.141678
cross_entropy,0.1,0.231009,0.136494
cross_entropy,0.15,0.260276,0.128264
