metric,area,comp,suff
mae,0.05,6.485612,25.248114
mae,0.075,8.027335,23.941437
mae,0.1,8.754614,23.168632
mae,0.15,10.190115,21.457729
mse,0.05,4.639713,36.62362
mse,0.075,6.289736,33.174417
mse,0.1,7.145398,31.248356
mse,0.15,8.988953,27.217204
