metric,area,comp,suff
mae,0.05,6.485618,25.248081
mae,0.075,8.027308,23.941414
mae,0.1,8.754614,23.168632
mae,0.15,10.19011,21.457724
mse,0.05,4.639718,36.623536
mse,0.075,6.289727,33.174365
mse,0.1,7.145398,31.248356
mse,0.15,8.98895,27.217212
