metric,area,comp,suff
mae,0.05,2.730414,26.832993
mae,0.075,4.060719,26.029341
mae,0.1,4.860437,25.502998
mae,0.15,6.67232,24.28671
mse,0.05,0.815215,41.614262
mse,0.075,1.57869,39.642242
mse,0.1,2.143244,38.391567
mse,0.15,3.732298,35.648541
