metric,area,comp,suff
mae,0.05,5.604346,25.969805
mae,0.075,6.968536,25.059315
mae,0.1,7.661249,24.514995
mae,0.15,9.051634,23.283998
mse,0.05,3.841241,38.481061
mse,0.075,5.291183,36.244604
mse,0.1,6.102976,34.928086
mse,0.15,7.830467,31.994176
