metric,area,comp,suff
mae,0.05,8.074293,24.513068
mae,0.075,9.988055,22.877108
mae,0.1,10.806237,21.885743
mae,0.15,12.38501,19.695315
mse,0.05,6.578814,34.579176
mse,0.075,9.203883,30.544161
mse,0.1,10.43311,28.205195
mse,0.15,12.835739,23.310786
