metric,area,comp,suff
mae,0.05,8.074293,24.513065
mae,0.075,9.988001,22.877117
mae,0.1,10.806237,21.885743
mae,0.15,12.38501,19.695352
mse,0.05,6.578814,34.579174
mse,0.075,9.203796,30.544181
mse,0.1,10.433099,28.205195
mse,0.15,12.835739,23.310895
