metric,area,comp,suff
mae,0.05,8.831478,23.734033
mae,0.075,10.698158,21.817025
mae,0.1,11.571381,20.695183
mae,0.15,13.325112,18.285825
mse,0.05,7.361574,32.648887
mse,0.075,9.899256,28.016489
mse,0.1,11.18382,25.477341
mse,0.15,13.902099,20.458068
