metric,area,comp,suff
mae,0.05,5.752099,25.9305
mae,0.075,7.104797,25.010225
mae,0.1,7.799085,24.472423
mae,0.15,9.183153,23.233656
mse,0.05,3.992209,38.376319
mse,0.075,5.445122,36.118654
mse,0.1,6.270039,34.834288
mse,0.15,8.024729,31.884552
