metric,area,comp,suff
mae,0.05,7.325676,25.466127
mae,0.075,9.072846,24.439009
mae,0.1,9.882898,23.860617
mae,0.15,11.557529,22.598915
mse,0.05,5.891918,37.538291
mse,0.075,8.3466,35.213006
mse,0.1,9.578161,33.885266
mse,0.15,12.185482,30.904955
