metric,area,comp,suff
mae,0.05,8.26411,25.252993
mae,0.075,10.220668,24.234146
mae,0.1,11.189746,23.679228
mae,0.15,13.166062,22.551193
mse,0.05,6.713346,37.131575
mse,0.075,9.633048,34.866304
mse,0.1,11.21228,33.618937
mse,0.15,14.59367,31.000723
