metric,area,comp,suff
mae,0.05,8.838769,23.90965
mae,0.075,10.752192,21.961092
mae,0.1,11.645768,20.829727
mae,0.15,13.446695,18.399395
mse,0.05,7.321213,33.107098
mse,0.075,9.920183,28.364875
mse,0.1,11.240274,25.788204
mse,0.15,14.035307,20.680549
