metric,area,comp,suff
mae,0.05,8.838769,23.909656
mae,0.075,10.752187,21.961081
mae,0.1,11.645768,20.829693
mae,0.15,13.446703,18.399406
mse,0.05,7.321214,33.107124
mse,0.075,9.920183,28.364862
mse,0.1,11.240275,25.788122
mse,0.15,14.035312,20.680578
