metric,area,comp,suff
mae,0.05,8.838769,23.90965
mae,0.075,10.752192,21.961079
mae,0.1,11.645768,20.829728
mae,0.15,13.446695,18.399413
mse,0.05,7.321214,33.107099
mse,0.075,9.920183,28.36486
mse,0.1,11.240275,25.788205
mse,0.15,14.035307,20.680563
