metric,area,comp,suff
mae,0.05,8.731869,23.840726
mae,0.075,10.606838,21.899073
mae,0.1,11.504913,20.76434
mae,0.15,13.310027,18.34647
mse,0.05,7.154803,33.001211
mse,0.075,9.691035,28.258316
mse,0.1,11.009292,25.674313
mse,0.15,13.787679,20.616799
