metric,area,comp,suff
mae,0.05,8.668123,23.620486
mae,0.075,10.553586,21.683157
mae,0.1,11.450074,20.53673
mae,0.15,13.294091,18.065651
mse,0.05,7.105654,32.361076
mse,0.075,9.662586,27.680001
mse,0.1,10.983808,25.074051
mse,0.15,13.846312,19.940783
