metric,area,comp,suff
mae,0.05,8.692618,23.842018
mae,0.075,10.593216,21.908162
mae,0.1,11.493178,20.764443
mae,0.15,13.340754,18.278047
mse,0.05,7.135605,32.855264
mse,0.075,9.6989,28.158968
mse,0.1,11.020804,25.557036
mse,0.15,13.86505,20.34313
