metric,area,comp,suff
mae,0.05,9.023494,15.23703
mae,0.075,11.281854,14.411817
mae,0.1,12.673014,14.001103
mae,0.15,14.888877,13.930776
mse,0.05,7.436065,14.964249
mse,0.075,10.443671,13.347269
mse,0.1,12.572164,12.55932
mse,0.15,16.058677,12.179753
