metric,area,comp,suff
mae,0.05,2.102269,17.349277
mae,0.075,2.350224,16.005662
mae,0.1,2.387098,15.071458
mae,0.15,2.272974,12.055895
mse,0.05,0.364239,20.036828
mse,0.075,0.418193,18.22707
mse,0.1,0.416753,16.890463
mse,0.15,0.375765,11.731002
