metric,area,comp,suff
mae,0.05,6.364106,26.45429
mae,0.075,6.807366,25.751146
mae,0.1,7.064141,25.261657
mae,0.15,7.805483,23.96472
mse,0.05,4.425643,40.409867
mse,0.075,4.839494,38.555584
mse,0.1,5.092002,37.271828
mse,0.15,5.868402,33.930917
