metric,area,comp,suff
mae,0.05,6.465595,26.483488
mae,0.075,6.88852,25.779754
mae,0.1,7.149457,25.28763
mae,0.15,7.900382,23.992574
mse,0.05,4.420511,40.475754
mse,0.075,4.820598,38.612122
mse,0.1,5.08396,37.320338
mse,0.15,5.882279,33.968672
