metric,area,comp,suff
mae,0.05,6.415305,26.479285
mae,0.075,6.840302,25.773348
mae,0.1,7.102102,25.278231
mae,0.15,7.856739,23.981812
mse,0.05,4.537299,40.587547
mse,0.075,4.933616,38.724548
mse,0.1,5.19374,37.425637
mse,0.15,5.976642,34.085664
