metric,area,comp,suff
mae,0.05,8.766524,23.772776
mae,0.075,10.678148,21.857465
mae,0.1,11.567718,20.732663
mae,0.15,13.347645,18.330846
mse,0.05,7.204422,32.80953
mse,0.075,9.815031,28.151428
mse,0.1,11.128628,25.596147
mse,0.15,13.878451,20.576921
