metric,area,comp,suff
mae,0.05,8.749402,23.754263
mae,0.075,10.636082,21.846818
mae,0.1,11.525983,20.722452
mae,0.15,13.289702,18.324277
mse,0.05,7.259786,32.707908
mse,0.075,9.82943,28.070701
mse,0.1,11.138064,25.50982
mse,0.15,13.832226,20.51207
