metric,area,comp,suff
accuracy,0.05,0.977214,0.979818
accuracy,0.075,0.978516,0.981554
accuracy,0.1,0.97895,0.980035
accuracy,0.15,0.978733,0.981554
auc,0.05,0.426746,0.412721
auc,0.075,0.422576,0.422291
auc,0.1,0.419632,0.42828
auc,0.15,0.415173,0.435447
cross_entropy,0.05,0.107685,0.152404
cross_entropy,0.075,0.105992,0.15386
cross_entropy,0.1,0.10527,0.154734
cross_entropy,0.15,0.103531,0.152976
