metric,area,comp,suff
accuracy,0.05,0.977567,0.980605
accuracy,0.075,0.977567,0.983644
accuracy,0.1,0.978001,0.982124
accuracy,0.15,0.979086,0.982341
auc,0.05,0.403711,0.391478
auc,0.075,0.400756,0.396144
auc,0.1,0.399989,0.401263
auc,0.15,0.392834,0.40574
cross_entropy,0.05,0.108836,0.14927
cross_entropy,0.075,0.107421,0.149852
cross_entropy,0.1,0.105833,0.150931
cross_entropy,0.15,0.102623,0.151007
