metric,area,comp,suff
accuracy,0.05,0.966757,0.915694
accuracy,0.075,0.967625,0.91473
accuracy,0.1,0.969361,0.918202
accuracy,0.15,0.970012,0.91686
auc,0.05,0.419346,0.382352
auc,0.075,0.411549,0.396743
auc,0.1,0.38464,0.410335
auc,0.15,0.373098,0.417243
cross_entropy,0.05,0.13457,0.277528
cross_entropy,0.075,0.137095,0.285833
cross_entropy,0.1,0.137724,0.281177
cross_entropy,0.15,0.138505,0.277434
