metric,area,comp,suff
accuracy,0.05,0.9898,0.981771
accuracy,0.075,0.989366,0.981988
accuracy,0.1,0.988715,0.981337
accuracy,0.15,0.986111,0.982205
auc,0.05,0.428228,0.2916
auc,0.075,0.427116,0.3134
auc,0.1,0.424925,0.329651
auc,0.15,0.424258,0.355163
cross_entropy,0.05,0.101771,0.142921
cross_entropy,0.075,0.103127,0.140689
cross_entropy,0.1,0.105103,0.138689
cross_entropy,0.15,0.109835,0.135482
