metric,area,comp,suff
accuracy,0.05,0.977214,0.981514
accuracy,0.075,0.978299,0.980212
accuracy,0.1,0.978299,0.980822
accuracy,0.15,0.97895,0.981039
auc,0.05,0.417208,0.397009
auc,0.075,0.413733,0.40162
auc,0.1,0.408783,0.408442
auc,0.15,0.386585,0.415455
cross_entropy,0.05,0.100798,0.160086
cross_entropy,0.075,0.099546,0.164984
cross_entropy,0.1,0.09844,0.167223
cross_entropy,0.15,0.097144,0.170494
