metric,area,comp,suff
accuracy,0.05,0.947049,0.944541
accuracy,0.075,0.940852,0.946888
accuracy,0.1,0.932862,0.950657
accuracy,0.15,0.926175,0.958904
auc,0.05,0.320273,0.377776
auc,0.075,0.315554,0.390522
auc,0.1,0.288184,0.403867
auc,0.15,0.274631,0.416454
cross_entropy,0.05,0.205697,0.207462
cross_entropy,0.075,0.226325,0.201214
cross_entropy,0.1,0.237819,0.193081
cross_entropy,0.15,0.249749,0.176454
