metric,area,comp,suff
accuracy,0.05,0.947852,0.968155
accuracy,0.075,0.936351,0.955745
accuracy,0.1,0.925203,0.946848
accuracy,0.15,0.908846,0.929446
auc,0.05,0.386659,0.307356
auc,0.075,0.382487,0.315432
auc,0.1,0.37911,0.323014
auc,0.15,0.377859,0.330175
cross_entropy,0.05,0.176985,0.188631
cross_entropy,0.075,0.202174,0.209187
cross_entropy,0.1,0.221185,0.224988
cross_entropy,0.15,0.249267,0.249147
