metric,area,comp,suff
accuracy,0.05,0.977053,0.979657
accuracy,0.075,0.978138,0.977013
accuracy,0.1,0.978572,0.976876
accuracy,0.15,0.978572,0.980605
auc,0.05,0.36384,0.338687
auc,0.075,0.36096,0.345959
auc,0.1,0.359988,0.354656
auc,0.15,0.344188,0.36569
cross_entropy,0.05,0.102661,0.163149
cross_entropy,0.075,0.100698,0.167206
cross_entropy,0.1,0.099051,0.169122
cross_entropy,0.15,0.098084,0.168868
