metric,area,comp,suff
accuracy,0.05,0.948311,0.965672
accuracy,0.075,0.935684,0.953519
accuracy,0.1,0.925267,0.945666
accuracy,0.15,0.906563,0.924752
auc,0.05,0.417734,0.323488
auc,0.075,0.414185,0.333443
auc,0.1,0.413165,0.337348
auc,0.15,0.40815,0.346996
cross_entropy,0.05,0.175751,0.19017
cross_entropy,0.075,0.201411,0.21054
cross_entropy,0.1,0.219592,0.227643
cross_entropy,0.15,0.248157,0.254582
