metric,area,comp,suff
accuracy,0.05,0.924415,0.927927
accuracy,0.075,0.899418,0.90293
accuracy,0.1,0.872074,0.879413
accuracy,0.15,0.833759,0.840567
auc,0.05,0.400796,0.299981
auc,0.075,0.392464,0.311302
auc,0.1,0.38966,0.316606
auc,0.15,0.378696,0.329582
cross_entropy,0.05,0.216399,0.246534
cross_entropy,0.075,0.261526,0.284515
cross_entropy,0.1,0.298611,0.317066
cross_entropy,0.15,0.354042,0.365758
