metric,area,comp,suff
accuracy,0.05,0.772481,0.777022
accuracy,0.075,0.659433,0.685989
accuracy,0.1,0.582232,0.622894
accuracy,0.15,0.52699,0.554551
auc,0.05,0.384643,0.290944
auc,0.075,0.379367,0.303098
auc,0.1,0.369444,0.309741
auc,0.15,0.357005,0.317462
cross_entropy,0.05,0.412088,0.432219
cross_entropy,0.075,0.538989,0.543847
cross_entropy,0.1,0.6369,0.634601
cross_entropy,0.15,0.775426,0.766051
