metric,area,comp,suff
accuracy,0.05,0.977133,0.983427
accuracy,0.075,0.977133,0.984729
accuracy,0.1,0.976699,0.987984
accuracy,0.15,0.977567,0.988458
auc,0.05,0.391,0.397929
auc,0.075,0.381734,0.404515
auc,0.1,0.370417,0.408707
auc,0.15,0.332188,0.411121
cross_entropy,0.05,0.135088,0.1209
cross_entropy,0.075,0.140091,0.117326
cross_entropy,0.1,0.143509,0.11332
cross_entropy,0.15,0.14704,0.109598
