metric,area,comp,suff
accuracy,0.05,0.975654,0.985243
accuracy,0.075,0.975694,0.986762
accuracy,0.1,0.976562,0.986545
accuracy,0.15,0.977865,0.987196
auc,0.05,0.406811,0.414413
auc,0.075,0.402501,0.418567
auc,0.1,0.392853,0.422793
auc,0.15,0.378406,0.42494
cross_entropy,0.05,0.136811,0.119257
cross_entropy,0.075,0.141154,0.11588
cross_entropy,0.1,0.142895,0.112497
cross_entropy,0.15,0.14501,0.109591
