metric,area,comp,suff
accuracy,0.05,0.942668,0.949412
accuracy,0.075,0.939807,0.950891
accuracy,0.1,0.933433,0.955745
accuracy,0.15,0.926706,0.961685
auc,0.05,0.437334,0.519524
auc,0.075,0.420094,0.532537
auc,0.1,0.39562,0.538434
auc,0.15,0.369869,0.543643
cross_entropy,0.05,0.211607,0.203233
cross_entropy,0.075,0.221873,0.190666
cross_entropy,0.1,0.23293,0.188347
cross_entropy,0.15,0.245666,0.17394
