metric,area,comp,suff
accuracy,0.05,0.978218,0.983941
accuracy,0.075,0.975614,0.984158
accuracy,0.1,0.976305,0.98546
accuracy,0.15,0.974352,0.987196
auc,0.05,0.440219,0.43045
auc,0.075,0.427953,0.44077
auc,0.1,0.412607,0.445872
auc,0.15,0.389199,0.44817
cross_entropy,0.05,0.118122,0.127251
cross_entropy,0.075,0.125609,0.124448
cross_entropy,0.1,0.131732,0.122252
cross_entropy,0.15,0.139811,0.119903
