metric,area,comp,suff
accuracy,0.05,0.954998,0.941519
accuracy,0.075,0.952136,0.947362
accuracy,0.1,0.946711,0.947796
accuracy,0.15,0.939292,0.950617
auc,0.05,0.389176,0.412447
auc,0.075,0.369405,0.418651
auc,0.1,0.350285,0.418472
auc,0.15,0.335097,0.431327
cross_entropy,0.05,0.176908,0.213274
cross_entropy,0.075,0.189529,0.203669
cross_entropy,0.1,0.20356,0.200849
cross_entropy,0.15,0.222005,0.192388
