metric,area,comp,suff
accuracy,0.05,0.976442,0.982559
accuracy,0.075,0.977093,0.982735
accuracy,0.1,0.976876,0.98321
accuracy,0.15,0.976008,0.98382
auc,0.05,0.37444,0.342315
auc,0.075,0.359808,0.358687
auc,0.1,0.348366,0.366033
auc,0.15,0.325931,0.374771
cross_entropy,0.05,0.119325,0.134464
cross_entropy,0.075,0.126186,0.130278
cross_entropy,0.1,0.130402,0.128294
cross_entropy,0.15,0.138695,0.123838
