metric,area,comp,suff
accuracy,0.05,0.975614,0.984158
accuracy,0.075,0.976482,0.983941
accuracy,0.1,0.976699,0.984592
accuracy,0.15,0.974529,0.983724
auc,0.05,0.382086,0.397945
auc,0.075,0.360601,0.402758
auc,0.1,0.338856,0.406719
auc,0.15,0.313939,0.40844
cross_entropy,0.05,0.123065,0.127094
cross_entropy,0.075,0.128929,0.125947
cross_entropy,0.1,0.13412,0.124248
cross_entropy,0.15,0.143013,0.121535
