metric,area,comp,suff
accuracy,0.05,0.986465,0.980171
accuracy,0.075,0.984078,0.980605
accuracy,0.1,0.982993,0.982124
accuracy,0.15,0.981256,0.98329
auc,0.05,0.408022,0.36216
auc,0.075,0.400065,0.38036
auc,0.1,0.392273,0.392295
auc,0.15,0.387393,0.398806
cross_entropy,0.05,0.096864,0.141654
cross_entropy,0.075,0.099136,0.14028
cross_entropy,0.1,0.100538,0.138318
cross_entropy,0.15,0.10183,0.137344
