metric,area,comp,suff
accuracy,0.05,0.97678,0.91788
accuracy,0.075,0.975477,0.920348
accuracy,0.1,0.97309,0.922502
accuracy,0.15,0.973701,0.929487
auc,0.05,0.482294,0.358264
auc,0.075,0.478303,0.377634
auc,0.1,0.471401,0.393937
auc,0.15,0.456998,0.411566
cross_entropy,0.05,0.116256,0.272533
cross_entropy,0.075,0.12008,0.266093
cross_entropy,0.1,0.126011,0.259362
cross_entropy,0.15,0.135562,0.244203
