metric,area,comp,suff
accuracy,0.05,0.985163,0.979737
accuracy,0.075,0.98321,0.976916
accuracy,0.1,0.982124,0.97952
accuracy,0.15,0.980822,0.979737
auc,0.05,0.385463,0.34395
auc,0.075,0.379024,0.350984
auc,0.1,0.371819,0.3632
auc,0.15,0.360312,0.370023
cross_entropy,0.05,0.096715,0.145406
cross_entropy,0.075,0.099313,0.145074
cross_entropy,0.1,0.101197,0.142807
cross_entropy,0.15,0.104664,0.141004
