metric,area,comp,suff
accuracy,0.05,0.977704,0.982695
accuracy,0.075,0.97727,0.983997
accuracy,0.1,0.978138,0.983997
accuracy,0.15,0.97727,0.984865
auc,0.05,0.384457,0.378924
auc,0.075,0.375932,0.386485
auc,0.1,0.364078,0.390061
auc,0.15,0.342692,0.391799
cross_entropy,0.05,0.115282,0.132111
cross_entropy,0.075,0.11901,0.128747
cross_entropy,0.1,0.123868,0.12661
cross_entropy,0.15,0.131872,0.122874
