metric,area,comp,suff
accuracy,0.05,0.979874,0.982004
accuracy,0.075,0.978355,0.982004
accuracy,0.1,0.977487,0.982084
accuracy,0.15,0.977487,0.984729
auc,0.05,0.384608,0.375599
auc,0.075,0.372174,0.382213
auc,0.1,0.360734,0.384707
auc,0.15,0.342319,0.389863
cross_entropy,0.05,0.114881,0.132186
cross_entropy,0.075,0.119742,0.129867
cross_entropy,0.1,0.124844,0.127243
cross_entropy,0.15,0.131788,0.123539
