metric,area,comp,suff
accuracy,0.05,0.930097,0.480236
accuracy,0.075,0.913604,0.487003
accuracy,0.1,0.898413,0.489133
accuracy,0.15,0.860179,0.506928
auc,0.05,0.458912,0.472469
auc,0.075,0.428951,0.49995
auc,0.1,0.42232,0.508096
auc,0.15,0.40991,0.523676
cross_entropy,0.05,0.228066,0.912876
cross_entropy,0.075,0.261018,0.904631
cross_entropy,0.1,0.288618,0.893464
cross_entropy,0.15,0.350687,0.864066
