metric,area,comp,suff
accuracy,0.05,0.94393,0.940321
accuracy,0.075,0.943062,0.941189
accuracy,0.1,0.942845,0.942925
accuracy,0.15,0.940892,0.947917
auc,0.05,0.658206,0.761001
auc,0.075,0.644531,0.772699
auc,0.1,0.632594,0.778491
auc,0.15,0.611003,0.783893
cross_entropy,0.05,0.188487,0.240247
cross_entropy,0.075,0.19499,0.232329
cross_entropy,0.1,0.199662,0.225213
cross_entropy,0.15,0.211669,0.213843
