metric,area,comp,suff
accuracy,0.05,0.982816,0.924616
accuracy,0.075,0.973878,0.927654
accuracy,0.1,0.967151,0.928739
accuracy,0.15,0.951011,0.932645
auc,0.05,0.857464,0.511803
auc,0.075,0.853072,0.530174
auc,0.1,0.849284,0.548513
auc,0.15,0.83864,0.596358
cross_entropy,0.05,0.125933,0.292779
cross_entropy,0.075,0.14051,0.286012
cross_entropy,0.1,0.153596,0.280329
cross_entropy,0.15,0.187741,0.261701
