metric,area,comp,suff
accuracy,0.05,0.937894,0.92333
accuracy,0.075,0.937934,0.918813
accuracy,0.1,0.936158,0.91317
accuracy,0.15,0.936809,0.910349
auc,0.05,0.670747,0.824521
auc,0.075,0.653595,0.834837
auc,0.1,0.637712,0.839825
auc,0.15,0.605797,0.846112
cross_entropy,0.05,0.206473,0.256671
cross_entropy,0.075,0.213737,0.261093
cross_entropy,0.1,0.219043,0.26184
cross_entropy,0.15,0.229224,0.260756
