metric,area,comp,suff
accuracy,0.05,0.874582,0.889202
accuracy,0.075,0.859174,0.876929
accuracy,0.1,0.842464,0.862349
accuracy,0.15,0.821197,0.838477
auc,0.05,0.799127,0.668878
auc,0.075,0.790179,0.684836
auc,0.1,0.786266,0.691113
auc,0.15,0.769247,0.689772
cross_entropy,0.05,0.297197,0.319403
cross_entropy,0.075,0.333387,0.33147
cross_entropy,0.1,0.360743,0.344957
cross_entropy,0.15,0.400526,0.372463
