metric,area,comp,suff
accuracy,0.05,0.418604,0.819597
accuracy,0.075,0.330842,0.865725
accuracy,0.1,0.270648,0.900527
accuracy,0.15,0.210729,0.943536
auc,0.05,0.432087,0.537468
auc,0.075,0.399555,0.562949
auc,0.1,0.383776,0.577689
auc,0.15,0.361117,0.599616
cross_entropy,0.05,1.046838,0.4202
cross_entropy,0.075,1.228859,0.343188
cross_entropy,0.1,1.352306,0.287561
cross_entropy,0.15,1.493173,0.205854
