metric,area,comp,suff
accuracy,0.05,0.942154,0.882354
accuracy,0.075,0.923016,0.866906
accuracy,0.1,0.904787,0.855404
accuracy,0.15,0.874719,0.825674
auc,0.05,0.855046,0.517652
auc,0.075,0.853559,0.535306
auc,0.1,0.851594,0.542863
auc,0.15,0.841394,0.57731
cross_entropy,0.05,0.165281,0.341694
cross_entropy,0.075,0.198741,0.357008
cross_entropy,0.1,0.227952,0.371344
cross_entropy,0.15,0.284106,0.398916
