metric,area,comp,suff
accuracy,0.05,0.829676,0.790517
accuracy,0.075,0.768141,0.728291
accuracy,0.1,0.714932,0.681729
accuracy,0.15,0.653871,0.60358
auc,0.05,0.826094,0.51956
auc,0.075,0.822652,0.552137
auc,0.1,0.817719,0.577634
auc,0.15,0.806328,0.618961
cross_entropy,0.05,0.330757,0.429071
cross_entropy,0.075,0.426458,0.497988
cross_entropy,0.1,0.5097,0.566685
cross_entropy,0.15,0.640602,0.701176
