metric,area,comp,suff
accuracy,0.05,0.430708,0.810008
accuracy,0.075,0.333365,0.856409
accuracy,0.1,0.277906,0.901452
accuracy,0.15,0.223412,0.945546
auc,0.05,0.455843,0.547643
auc,0.075,0.41436,0.574164
auc,0.1,0.406691,0.592086
auc,0.15,0.378307,0.608311
cross_entropy,0.05,1.041251,0.426313
cross_entropy,0.075,1.2226,0.345963
cross_entropy,0.1,1.33839,0.285874
cross_entropy,0.15,1.480801,0.204676
