metric,area,comp,suff
accuracy,0.05,0.908492,0.970663
accuracy,0.075,0.910012,0.971668
accuracy,0.1,0.912616,0.973267
accuracy,0.15,0.911273,0.980131
auc,0.05,0.68735,0.872718
auc,0.075,0.677456,0.875225
auc,0.1,0.669371,0.877416
auc,0.15,0.657219,0.881169
cross_entropy,0.05,0.276455,0.156006
cross_entropy,0.075,0.279265,0.146256
cross_entropy,0.1,0.281886,0.138517
cross_entropy,0.15,0.286999,0.12675
