metric,area,comp,suff
accuracy,0.05,0.920195,0.961034
accuracy,0.075,0.917157,0.961428
accuracy,0.1,0.914987,0.962513
accuracy,0.15,0.90891,0.965334
auc,0.05,0.603549,0.774279
auc,0.075,0.587296,0.783114
auc,0.1,0.575301,0.785327
auc,0.15,0.552151,0.790229
cross_entropy,0.05,0.253563,0.186064
cross_entropy,0.075,0.262351,0.179655
cross_entropy,0.1,0.26872,0.174072
cross_entropy,0.15,0.279082,0.164798
