metric,area,comp,suff
accuracy,0.05,0.559647,0.740893
accuracy,0.075,0.481377,0.785028
accuracy,0.1,0.41907,0.814284
accuracy,0.15,0.351771,0.861674
auc,0.05,0.386679,0.49428
auc,0.075,0.365746,0.515116
auc,0.1,0.3425,0.528814
auc,0.15,0.333567,0.538998
cross_entropy,0.05,0.800255,0.521291
cross_entropy,0.075,0.950231,0.463031
cross_entropy,0.1,1.070577,0.418576
cross_entropy,0.15,1.240518,0.35569
