metric,area,comp,suff
accuracy,0.05,0.916763,0.962376
accuracy,0.075,0.91477,0.965631
accuracy,0.1,0.913251,0.965848
accuracy,0.15,0.915244,0.966716
auc,0.05,0.601287,0.798227
auc,0.075,0.586375,0.805057
auc,0.1,0.570627,0.809778
auc,0.15,0.547446,0.811703
cross_entropy,0.05,0.258175,0.184714
cross_entropy,0.075,0.267039,0.178698
cross_entropy,0.1,0.27374,0.173057
cross_entropy,0.15,0.28258,0.16603
