metric,area,comp,suff
accuracy,0.05,0.946928,0.950738
accuracy,0.075,0.942154,0.957248
accuracy,0.1,0.93799,0.963976
accuracy,0.15,0.934952,0.968099
auc,0.05,0.734259,0.838785
auc,0.075,0.72299,0.851178
auc,0.1,0.700814,0.857259
auc,0.15,0.673539,0.873601
cross_entropy,0.05,0.189738,0.213801
cross_entropy,0.075,0.198348,0.200788
cross_entropy,0.1,0.209797,0.188557
cross_entropy,0.15,0.221356,0.172131
