metric,area,comp,suff
accuracy,0.05,0.94168,0.938915
accuracy,0.075,0.936905,0.951445
accuracy,0.1,0.936905,0.957739
accuracy,0.15,0.92931,0.963895
auc,0.05,0.708667,0.814227
auc,0.075,0.680914,0.822712
auc,0.1,0.667341,0.833737
auc,0.15,0.614052,0.850292
cross_entropy,0.05,0.197505,0.231154
cross_entropy,0.075,0.21244,0.216331
cross_entropy,0.1,0.223159,0.204235
cross_entropy,0.15,0.242279,0.184254
