metric,area,comp,suff
accuracy,0.05,0.918459,0.959475
accuracy,0.075,0.916112,0.959475
accuracy,0.1,0.916072,0.960777
accuracy,0.15,0.914079,0.964032
auc,0.05,0.617563,0.789687
auc,0.075,0.593329,0.794969
auc,0.1,0.583618,0.800008
auc,0.15,0.560697,0.805561
cross_entropy,0.05,0.248385,0.188609
cross_entropy,0.075,0.257542,0.181416
cross_entropy,0.1,0.263809,0.173927
cross_entropy,0.15,0.273472,0.16255
