metric,area,comp,suff
mae,0.05,5.295386,24.682222
mae,0.075,7.230876,23.594672
mae,0.1,8.135459,22.956733
mae,0.15,9.572558,21.536707
mse,0.05,2.276098,32.337072
mse,0.075,3.906235,29.832279
mse,0.1,4.863848,28.432452
mse,0.15,6.649157,25.41443
