metric,area,comp,suff
mae,0.05,15.909322,99.05296
mae,0.075,21.67451,94.626927
mae,0.1,24.908094,91.761551
mae,0.15,31.748195,85.352468
mse,0.05,5.928417,130.60414
mse,0.075,10.002395,119.292465
mse,0.1,12.765202,112.46495
mse,0.15,19.959813,98.321419
