metric,area,comp,suff
mae,0.05,7.808531,23.637628
mae,0.075,10.582556,22.549937
mae,0.1,11.894894,21.9978
mae,0.15,13.990442,20.467365
mse,0.05,4.113677,30.254685
mse,0.075,7.097272,28.336105
mse,0.1,8.757859,27.425711
mse,0.15,12.123664,24.659361
