metric,area,comp,suff
mae,0.05,23.350083,93.802118
mae,0.075,32.125525,87.752304
mae,0.1,36.726344,84.757108
mae,0.15,45.588778,78.620974
mse,0.05,10.888484,117.538929
mse,0.075,19.528231,104.223066
mse,0.1,24.968089,98.266453
mse,0.15,37.263484,87.280723
