metric,area,comp,suff
mae,0.05,23.939022,88.880255
mae,0.075,33.23633,78.977524
mae,0.1,38.840942,73.164857
mae,0.15,51.153871,60.567047
mse,0.05,11.270496,104.908546
mse,0.075,20.157836,82.914531
mse,0.1,26.395502,71.317624
mse,0.15,42.448517,49.288189
