metric,area,comp,suff
mae,0.05,23.699632,89.11321
mae,0.075,33.078538,79.212115
mae,0.1,38.676104,73.384369
mae,0.15,51.152188,60.750303
mse,0.05,10.936644,105.518633
mse,0.075,19.835193,83.515268
mse,0.1,26.072518,71.844197
mse,0.15,42.21316,49.677504
