metric,area,comp,suff
mae,0.05,6.92975,22.407734
mae,0.075,9.140542,20.052052
mae,0.1,10.340381,18.606033
mae,0.15,13.12566,15.400456
mse,0.05,3.495575,26.6111
mse,0.075,5.787175,21.433361
mse,0.1,7.241375,18.51459
mse,0.15,11.051062,12.809424
