metric,area,comp,suff
mae,0.05,6.944693,22.441419
mae,0.075,9.115911,20.053956
mae,0.1,10.335552,18.596005
mae,0.15,13.141005,15.406149
mse,0.05,3.510358,26.688687
mse,0.075,5.77978,21.411219
mse,0.1,7.266086,18.475741
mse,0.15,11.106663,12.79863
