metric,area,comp,suff
mae,0.05,10.153866,21.783128
mae,0.075,11.273104,20.144253
mae,0.1,11.770282,19.171169
mae,0.15,12.734243,17.080551
mse,0.05,10.384056,27.527332
mse,0.075,11.692758,23.805491
mse,0.1,12.302063,21.730767
mse,0.15,13.577503,17.598826
