metric,area,comp,suff
mae,0.05,10.166253,21.77017
mae,0.075,11.279017,20.126837
mae,0.1,11.797524,19.154387
mae,0.15,12.745112,17.041521
mse,0.05,10.368245,27.482302
mse,0.075,11.665132,23.741123
mse,0.1,12.330246,21.659086
mse,0.15,13.60197,17.473906
