metric,area,comp,suff
mae,0.05,2.280184,25.104387
mae,0.075,3.492361,24.042652
mae,0.1,4.160184,23.356628
mae,0.15,5.833301,21.739222
mse,0.05,0.767559,37.091854
mse,0.075,1.490324,34.522831
mse,0.1,1.947518,32.882772
mse,0.15,3.377248,29.271804
