metric,area,comp,suff
mae,0.05,12.832835,19.424212
mae,0.075,13.793013,17.087809
mae,0.1,14.274639,15.745943
mae,0.15,15.291919,13.010199
mse,0.05,14.256094,21.965717
mse,0.075,15.577369,17.293052
mse,0.1,16.276085,14.857325
mse,0.15,17.82841,10.461582
