metric,area,comp,suff
mae,0.05,11.638891,20.557895
mae,0.075,12.705545,18.451453
mae,0.1,13.260193,17.241021
mae,0.15,14.408766,14.669971
mse,0.05,12.604836,24.709491
mse,0.075,14.029176,20.201089
mse,0.1,14.782342,17.796822
mse,0.15,16.473987,13.229715
