metric,area,comp,suff
mae,0.05,8.338947,22.522252
mae,0.075,9.718026,21.135779
mae,0.1,10.369355,20.359865
mae,0.15,11.542602,18.769779
mse,0.05,7.473205,29.695579
mse,0.075,8.871436,26.604654
mse,0.1,9.606962,24.967761
mse,0.15,11.096539,21.782848
