metric,area,comp,suff
mae,0.05,6.61492,23.777692
mae,0.075,8.751756,22.407422
mae,0.1,9.703006,21.664058
mae,0.15,11.393236,20.167147
mse,0.05,4.103833,33.797945
mse,0.075,6.503263,30.640118
mse,0.1,7.680569,29.033663
mse,0.15,9.986048,25.984265
