metric,area,comp,suff
mae,0.05,8.022863,23.034743
mae,0.075,10.267394,21.606595
mae,0.1,11.278161,20.895705
mae,0.15,13.05774,19.600447
mse,0.05,5.524031,31.986936
mse,0.075,8.18238,28.92214
mse,0.1,9.540954,27.505357
mse,0.15,12.230992,25.085153
