metric,area,comp,suff
mae,0.05,12.816033,19.504878
mae,0.075,13.793545,17.131497
mae,0.1,14.278291,15.793964
mae,0.15,15.311804,13.056568
mse,0.05,14.085906,22.109117
mse,0.075,15.4411,17.374891
mse,0.1,16.147451,14.952272
mse,0.15,17.730744,10.544478
