metric,area,comp,suff
mae,0.05,12.826328,19.497162
mae,0.075,13.806447,17.123176
mae,0.1,14.281059,15.790571
mae,0.15,15.322393,13.057406
mse,0.05,14.103989,22.088531
mse,0.075,15.462812,17.35555
mse,0.1,16.152861,14.942716
mse,0.15,17.749825,10.544662
