metric,area,comp,suff
mae,0.05,12.616792,19.50788
mae,0.075,13.632979,17.099469
mae,0.1,14.133429,15.748269
mae,0.15,15.164901,13.005652
mse,0.05,13.759546,22.147053
mse,0.075,15.12806,17.332858
mse,0.1,15.842981,14.880559
mse,0.15,17.403688,10.471149
