metric,area,comp,suff
mae,0.05,12.372214,19.46225
mae,0.075,13.35527,17.154026
mae,0.1,13.853313,15.848247
mae,0.15,14.89316,13.166307
mse,0.05,13.216019,22.033505
mse,0.075,14.550634,17.440171
mse,0.1,15.26337,15.05771
mse,0.15,16.813102,10.710107
