metric,area,comp,suff
mae,0.05,11.644542,18.427013
mae,0.075,13.233241,16.728976
mae,0.1,14.141413,16.171142
mae,0.15,16.413521,15.289197
mse,0.05,13.400115,22.753842
mse,0.075,15.704466,19.125472
mse,0.1,17.04689,17.810604
mse,0.15,20.722277,15.118816
