metric,area,comp,suff
mae,0.05,10.990937,22.871938
mae,0.075,11.246966,22.258889
mae,0.1,11.38001,21.831277
mae,0.15,11.667602,20.696788
mse,0.05,12.147169,29.855765
mse,0.075,12.403317,28.365776
mse,0.1,12.533987,27.35425
mse,0.15,12.801442,24.765073
