metric,area,comp,suff
mae,0.05,10.887902,23.096893
mae,0.075,11.156891,22.458176
mae,0.1,11.293154,22.004242
mae,0.15,11.591923,20.828123
mse,0.05,12.103893,30.464929
mse,0.075,12.361644,28.908801
mse,0.1,12.488383,27.83457
mse,0.15,12.766651,25.145029
