metric,area,comp,suff
mae,0.05,12.808618,19.470765
mae,0.075,13.779375,17.110514
mae,0.1,14.275532,15.773161
mae,0.15,15.311621,13.025915
mse,0.05,14.000144,22.088117
mse,0.075,15.355479,17.357965
mse,0.1,16.078805,14.922327
mse,0.15,17.675025,10.49459
