metric,area,comp,suff
mae,0.05,6.533247,25.233392
mae,0.075,8.096771,23.940506
mae,0.1,8.814843,23.175309
mae,0.15,10.263437,21.480632
mse,0.05,4.856399,36.841919
mse,0.075,6.545293,33.414125
mse,0.1,7.396364,31.4857
mse,0.15,9.265202,27.463016
