metric,area,comp,suff
mae,0.05,6.533247,25.233392
mae,0.075,8.096771,23.940506
mae,0.1,8.814842,23.175291
mae,0.15,10.263437,21.480632
mse,0.05,4.856399,36.841919
mse,0.075,6.545293,33.414125
mse,0.1,7.396363,31.485659
mse,0.15,9.265201,27.463016
