metric,area,comp,suff
mae,0.05,6.64358,25.195695
mae,0.075,8.174336,23.897237
mae,0.1,8.898733,23.131261
mae,0.15,10.323809,21.439704
mse,0.05,4.956241,36.716977
mse,0.075,6.612912,33.305671
mse,0.1,7.467426,31.384356
mse,0.15,9.305275,27.388871
