metric,area,comp,suff
mae,0.05,2.736226,26.866393
mae,0.075,4.079678,26.068181
mae,0.1,4.906726,25.555605
mae,0.15,6.723655,24.313053
mse,0.05,0.815481,41.753576
mse,0.075,1.601002,39.802607
mse,0.1,2.209239,38.592002
mse,0.15,3.864513,35.801815
