metric,area,comp,suff
mae,0.05,8.906858,23.80161
mae,0.075,10.743973,21.908189
mae,0.1,11.625427,20.794722
mae,0.15,13.38536,18.393518
mse,0.05,7.476711,32.925818
mse,0.075,9.980092,28.304357
mse,0.1,11.274738,25.769577
mse,0.15,13.992646,20.757307
