metric,area,comp,suff
mae,0.05,5.720608,26.00177
mae,0.075,7.08897,25.089994
mae,0.1,7.790453,24.550579
mae,0.15,9.19009,23.341869
mse,0.05,4.11742,38.780475
mse,0.075,5.596763,36.542464
mse,0.1,6.416784,35.234117
mse,0.15,8.173562,32.360904
