metric,area,comp,suff
mae,0.05,8.137813,24.578409
mae,0.075,10.010356,22.956357
mae,0.1,10.825503,21.979624
mae,0.15,12.393303,19.823148
mse,0.05,6.666347,34.921291
mse,0.075,9.23942,30.896802
mse,0.1,10.472485,28.565461
mse,0.15,12.813744,23.7057
