metric,area,comp,suff
mae,0.05,5.720611,26.001776
mae,0.075,7.08897,25.089982
mae,0.1,7.790456,24.550579
mae,0.15,9.190055,23.341897
mse,0.05,4.117421,38.780482
mse,0.075,5.596763,36.542392
mse,0.1,6.4168,35.234117
mse,0.15,8.173551,32.360974
