metric,area,comp,suff
mae,0.05,7.381755,25.509101
mae,0.075,9.126021,24.500858
mae,0.1,9.963567,23.934537
mae,0.15,11.652879,22.73208
mse,0.05,6.01398,37.710577
mse,0.075,8.477867,35.428178
mse,0.1,9.747142,34.131187
mse,0.15,12.41494,31.311399
