metric,area,comp,suff
mae,0.05,8.403974,25.314303
mae,0.075,10.354448,24.331901
mae,0.1,11.328086,23.789929
mae,0.15,13.299804,22.708075
mse,0.05,6.974946,37.33319
mse,0.075,9.913741,35.14996
mse,0.1,11.523174,33.915552
mse,0.15,14.950198,31.41106
