metric,area,comp,suff
mae,0.05,8.880472,23.836892
mae,0.075,10.72291,21.936242
mae,0.1,11.598754,20.815978
mae,0.15,13.376677,18.403173
mse,0.05,7.490873,32.971936
mse,0.075,9.980968,28.34434
mse,0.1,11.26399,25.791973
mse,0.15,14.007498,20.733763
