metric,area,comp,suff
mae,0.05,8.880472,23.836892
mae,0.075,10.722936,21.936242
mae,0.1,11.598744,20.815972
mae,0.15,13.376677,18.403173
mse,0.05,7.490873,32.971936
mse,0.075,9.980984,28.34434
mse,0.1,11.263996,25.791951
mse,0.15,14.007498,20.733763
