metric,area,comp,suff
mae,0.05,8.919873,23.782884
mae,0.075,10.809625,21.85904
mae,0.1,11.705272,20.719096
mae,0.15,13.53515,18.241931
mse,0.05,7.532474,32.745631
mse,0.075,10.135411,28.063844
mse,0.1,11.455491,25.46802
mse,0.15,14.327967,20.294384
