metric,area,comp,suff
mae,0.05,8.885421,23.837773
mae,0.075,10.714387,21.932447
mae,0.1,11.603286,20.815105
mae,0.15,13.373913,18.409025
mse,0.05,7.533166,32.998068
mse,0.075,10.010404,28.346677
mse,0.1,11.302183,25.7903
mse,0.15,14.045395,20.740435
