metric,area,comp,suff
mae,0.05,8.902649,23.887292
mae,0.075,10.730479,21.990924
mae,0.1,11.611991,20.876672
mae,0.15,13.386272,18.465784
mse,0.05,7.452185,33.097394
mse,0.075,9.922167,28.471302
mse,0.1,11.207833,25.922041
mse,0.15,13.94313,20.843792
