metric,area,comp,suff
mae,0.05,6.129205,16.360172
mae,0.075,8.301122,15.612126
mae,0.1,9.438802,15.256258
mae,0.15,11.288356,14.833747
mse,0.05,4.367417,17.347907
mse,0.075,6.877163,15.855905
mse,0.1,8.403661,15.222311
mse,0.15,10.98159,14.488014
