metric,area,comp,suff
mae,0.05,2.138909,17.43959
mae,0.075,2.366091,16.131573
mae,0.1,2.416217,15.195596
mae,0.15,2.322712,12.210869
mse,0.05,0.371328,20.189885
mse,0.075,0.423621,18.52378
mse,0.1,0.429001,17.207407
mse,0.15,0.391574,12.009311
