metric,area,comp,suff
mae,0.05,6.553377,26.541717
mae,0.075,7.000458,25.83962
mae,0.1,7.268025,25.35857
mae,0.15,7.989259,24.07832
mse,0.05,4.753993,40.739828
mse,0.075,5.186252,38.877053
mse,0.1,5.461979,37.622374
mse,0.15,6.229899,34.311691
