metric,area,comp,suff
mae,0.05,6.510942,26.438675
mae,0.075,6.935722,25.72775
mae,0.1,7.20051,25.234673
mae,0.15,7.945842,23.935789
mse,0.05,4.622688,40.355334
mse,0.075,5.035809,38.472594
mse,0.1,5.308314,37.181209
mse,0.15,6.094008,33.854647
