metric,area,comp,suff
mae,0.05,6.687519,26.408668
mae,0.075,7.131284,25.700748
mae,0.1,7.394701,25.211975
mae,0.15,8.119334,23.924478
mse,0.05,4.863751,40.303617
mse,0.075,5.301418,38.433459
mse,0.1,5.580285,37.157338
mse,0.15,6.366896,33.846375
