metric,area,comp,suff
mae,0.05,8.804287,23.780563
mae,0.075,10.656878,21.895283
mae,0.1,11.543337,20.779973
mae,0.15,13.325926,18.367492
mse,0.05,7.355048,32.832461
mse,0.075,9.868481,28.250472
mse,0.1,11.151754,25.705027
mse,0.15,13.897606,20.66126
