metric,area,comp,suff
mae,0.05,8.901809,23.798207
mae,0.075,10.771009,21.881767
mae,0.1,11.645114,20.766223
mae,0.15,13.440341,18.358938
mse,0.05,7.515979,32.848998
mse,0.075,10.067222,28.200346
mse,0.1,11.349218,25.678687
mse,0.15,14.142611,20.648199
