metric,area,comp,suff
mae,0.05,5.960299,26.740254
mae,0.075,7.235367,25.062914
mae,0.1,8.016205,24.028204
mae,0.15,9.364031,21.704581
mse,0.05,3.112056,41.089861
mse,0.075,4.267324,36.528865
mse,0.1,5.044928,33.805623
mse,0.15,6.486156,28.066209
