metric,area,comp,suff
mae,0.05,2.757804,29.019157
mae,0.075,3.650492,28.012954
mae,0.1,4.275537,27.309376
mae,0.15,5.486698,25.645025
mse,0.05,0.704744,47.760825
mse,0.075,1.144026,44.831721
mse,0.1,1.508607,42.807083
mse,0.15,2.354539,38.297615
