metric,area,comp,suff
mae,0.05,5.321396,26.612577
mae,0.075,6.780737,25.078988
mae,0.1,7.643493,24.192607
mae,0.15,9.277354,22.268207
mse,0.05,2.459329,40.481419
mse,0.075,3.750245,36.4404
mse,0.1,4.628599,34.186506
mse,0.15,6.557784,29.51781
