metric,area,comp,suff
mae,0.05,7.187435,25.73798
mae,0.075,8.845704,23.656152
mae,0.1,9.768768,22.406443
mae,0.15,11.431034,19.648265
mse,0.05,4.362246,38.248746
mse,0.075,6.153706,32.91505
mse,0.1,7.270445,29.842753
mse,0.15,9.487149,23.499859
