metric,area,comp,suff
mae,0.05,4.977487,26.883687
mae,0.075,6.579867,25.439757
mae,0.1,7.500855,24.564818
mae,0.15,9.346984,22.74319
mse,0.05,2.451845,41.509481
mse,0.075,3.896205,37.768321
mse,0.1,4.817388,35.542723
mse,0.15,6.980797,31.049515
