metric,area,comp,suff
mae,0.05,5.727383,26.39278
mae,0.075,7.619974,24.942068
mae,0.1,8.701732,24.134767
mae,0.15,10.893212,22.547035
mse,0.05,2.981437,40.408088
mse,0.075,4.867636,36.72056
mse,0.1,6.102745,34.708645
mse,0.15,8.981524,30.891692
