metric,area,comp,suff
mae,0.05,10.003546,24.663463
mae,0.075,11.194367,22.109797
mae,0.1,11.802197,20.608446
mae,0.15,13.038377,17.436472
mse,0.05,7.391708,35.165207
mse,0.075,8.945729,28.75957
mse,0.1,9.792672,25.257405
mse,0.15,11.672743,18.53212
