metric,area,comp,suff
mae,0.05,8.499433,24.624692
mae,0.075,9.974698,22.156234
mae,0.1,10.835949,20.708544
mae,0.15,12.451969,17.662075
mse,0.05,5.77182,34.983137
mse,0.075,7.496059,28.81681
mse,0.1,8.598856,25.446867
mse,0.15,10.878191,18.961375
