metric,area,comp,suff
mae,0.05,8.429386,24.65675
mae,0.075,9.889329,22.169059
mae,0.1,10.760916,20.692897
mae,0.15,12.36484,17.631173
mse,0.05,5.688443,35.114307
mse,0.075,7.369177,28.875624
mse,0.1,8.462555,25.433384
mse,0.15,10.726873,18.90381
2
