metric,area,comp,suff
mae,0.05,5.020726,27.210487
mae,0.075,5.975737,25.922865
mae,0.1,6.665208,25.095252
mae,0.15,7.890775,23.104877
mse,0.05,2.25941,42.038415
mse,0.075,3.002226,38.478688
mse,0.1,3.598602,36.27077
mse,0.15,4.751328,31.202195
