metric,area,comp,suff
mae,0.05,9.888757,24.301593
mae,0.075,11.036267,21.812002
mae,0.1,11.639992,20.334108
mae,0.15,12.88305,17.250482
mse,0.05,7.265253,34.223531
mse,0.075,8.741994,28.0672
mse,0.1,9.581928,24.668129
mse,0.15,11.439889,18.207759
