metric,area,comp,suff
mae,0.05,11.922168,17.370895
mae,0.075,13.05359,17.164212
mae,0.1,13.405087,16.967608
mae,0.15,13.518084,16.577546
mse,0.05,9.758324,18.715218
mse,0.075,11.646868,18.271593
mse,0.1,12.303471,17.864333
mse,0.15,12.568737,17.139026
