metric,area,comp,suff
mae,0.05,18.907908,16.703032
mae,0.075,18.075483,16.392976
mae,0.1,17.241104,16.166324
mae,0.15,16.407114,16.085281
mse,0.05,21.890541,17.252279
mse,0.075,21.016688,16.647499
mse,0.1,19.497515,16.235919
mse,0.15,17.74119,16.149229
