metric,area,comp,suff
mae,0.05,9.056641,13.938436
mae,0.075,10.00609,13.132116
mae,0.1,10.41456,12.691289
mae,0.15,11.187074,11.714638
mse,0.05,7.723165,12.951497
mse,0.075,8.622471,11.564128
mse,0.1,9.060655,10.837206
mse,0.15,9.99065,9.316562
