metric,area,comp,suff
mae,0.05,9.156968,13.858209
mae,0.075,10.095561,13.074121
mae,0.1,10.500172,12.633311
mae,0.15,11.201824,11.713792
mse,0.05,7.893104,12.78182
mse,0.075,8.757006,11.446376
mse,0.1,9.177165,10.724088
mse,0.15,9.985452,9.303047
