metric,area,comp,suff
mae,0.05,9.056641,13.938437
mae,0.075,10.006089,13.132103
mae,0.1,10.41456,12.691289
mae,0.15,11.187074,11.714638
mse,0.05,7.723165,12.951507
mse,0.075,8.622471,11.564113
mse,0.1,9.060654,10.837206
mse,0.15,9.990649,9.316562
