metric,area,comp,suff
mae,0.05,2.155391,17.333188
mae,0.075,3.280214,16.743709
mae,0.1,4.022104,16.343815
mae,0.15,5.715575,15.364211
mse,0.05,0.623444,19.880149
mse,0.075,1.217131,18.843129
mse,0.1,1.723806,18.153314
mse,0.15,3.101947,16.507187
