metric,area,comp,suff
mae,0.05,10.029541,13.429036
mae,0.075,10.716022,12.682237
mae,0.1,11.022227,12.249656
mae,0.15,11.641795,11.26377
mse,0.05,8.811202,11.871318
mse,0.075,9.464794,10.673823
mse,0.1,9.802217,10.004945
mse,0.15,10.54683,8.567325
