metric,area,comp,suff
mae,0.05,5.74089,16.489682
mae,0.075,6.679859,16.187825
mae,0.1,7.144238,16.014637
mae,0.15,8.056792,15.5915
mse,0.05,4.102898,17.733146
mse,0.075,4.814391,17.165916
mse,0.1,5.188701,16.855815
mse,0.15,6.002999,16.110416
