metric,area,comp,suff
mae,0.05,11.169524,12.558359
mae,0.075,11.722647,11.655532
mae,0.1,12.003867,11.11387
mae,0.15,12.665253,9.895298
mse,0.05,9.927367,10.433292
mse,0.075,10.563303,9.13548
mse,0.1,10.940775,8.388851
mse,0.15,11.862502,6.791456
