metric,area,comp,suff
mae,0.05,5.675659,16.527408
mae,0.075,6.631098,16.246029
mae,0.1,7.09844,16.068555
mae,0.15,8.007574,15.671122
mse,0.05,3.949342,17.909126
mse,0.075,4.66501,17.385907
mse,0.1,5.040493,17.056561
mse,0.15,5.841935,16.343184
