metric,area,comp,suff
mae,0.05,6.130207,17.410039
mae,0.075,7.392122,17.387474
mae,0.1,8.032081,17.347115
mae,0.15,9.240018,17.220402
mse,0.05,4.545776,19.463862
mse,0.075,5.612943,19.486069
mse,0.1,6.244629,19.441943
mse,0.15,7.546596,19.272657
