metric,area,comp,suff
mae,0.05,8.460078,18.421834
mae,0.075,10.341639,18.862058
mae,0.1,11.254809,19.077791
mae,0.15,12.896175,19.485768
mse,0.05,6.343758,21.627746
mse,0.075,8.451993,22.606826
mse,0.1,9.653113,23.099605
mse,0.15,12.099249,24.044944
