metric,area,comp,suff
mae,0.05,11.090366,12.442639
mae,0.075,11.57797,11.574423
mae,0.1,11.842986,11.046814
mae,0.15,12.491226,9.869376
mse,0.05,9.972166,10.264371
mse,0.075,10.468579,9.012677
mse,0.1,10.804399,8.279963
mse,0.15,11.669696,6.746421
