metric,area,comp,suff
mae,0.05,11.006453,12.423557
mae,0.075,11.593539,11.515818
mae,0.1,11.88651,10.977061
mae,0.15,12.601401,9.738755
mse,0.05,9.898581,10.265074
mse,0.075,10.473468,8.941178
mse,0.1,10.828848,8.189206
mse,0.15,11.790039,6.560376
