metric,area,comp,suff
mae,0.05,11.201423,12.538813
mae,0.075,11.707434,11.658877
mae,0.1,11.976528,11.123063
mae,0.15,12.633575,9.896608
mse,0.05,9.968562,10.419434
mse,0.075,10.530213,9.137719
mse,0.1,10.908608,8.392385
mse,0.15,11.825701,6.783556
