metric,area,comp,suff
mae,0.05,11.217667,12.41711
mae,0.075,11.719392,11.560887
mae,0.1,11.975244,11.036889
mae,0.15,12.595384,9.841775
mse,0.05,10.025782,10.209083
mse,0.075,10.53812,8.979225
mse,0.1,10.861987,8.256849
mse,0.15,11.708052,6.701176
