metric,area,comp,suff
mae,0.05,11.950103,9.580714
mae,0.075,12.499467,9.487264
mae,0.1,13.109851,9.390999
mae,0.15,15.054083,9.264313
mse,0.05,11.177337,6.095406
mse,0.075,11.401612,5.997281
mse,0.1,12.008846,5.852818
mse,0.15,14.98489,5.604271
