metric,area,comp,suff
mae,0.05,1.895845,10.894158
mae,0.075,2.055839,10.249172
mae,0.1,2.116669,9.820922
mae,0.15,2.269258,8.60627
mse,0.05,0.285929,7.916548
mse,0.075,0.31078,7.036966
mse,0.1,0.321397,6.468805
mse,0.15,0.363243,4.920616
