metric,area,comp,suff
mae,0.05,10.014711,13.973963
mae,0.075,10.478849,13.601369
mae,0.1,10.679287,13.384103
mae,0.15,11.042575,12.828692
mse,0.05,8.622486,12.787196
mse,0.075,9.096345,12.17118
mse,0.1,9.310884,11.830277
mse,0.15,9.73062,10.961083
