metric,area,comp,suff
mae,0.05,10.096128,14.086295
mae,0.075,10.543443,13.699802
mae,0.1,10.732609,13.467866
mae,0.15,11.083115,12.888723
mse,0.05,8.775673,12.960332
mse,0.075,9.220807,12.315549
mse,0.1,9.422279,11.944367
mse,0.15,9.814829,11.037255
