metric,area,comp,suff
mae,0.05,9.928081,14.063371
mae,0.075,10.347647,13.681644
mae,0.1,10.5332,13.45254
mae,0.15,10.903254,12.875949
mse,0.05,8.448726,12.950469
mse,0.075,8.862615,12.307076
mse,0.1,9.06494,11.936988
mse,0.15,9.501868,11.022917
