metric,area,comp,suff
mae,0.05,11.391961,12.41069
mae,0.075,11.862717,11.547935
mae,0.1,12.112609,11.025399
mae,0.15,12.748188,9.838909
mse,0.05,10.441141,10.208232
mse,0.075,10.948989,8.959143
mse,0.1,11.281029,8.232713
mse,0.15,12.181614,6.689444
