metric,area,comp,suff
mae,0.05,11.34981,12.418534
mae,0.075,11.832977,11.550391
mae,0.1,12.089183,11.018823
mae,0.15,12.715881,9.813004
mse,0.05,10.372288,10.185023
mse,0.075,10.86813,8.945848
mse,0.1,11.195926,8.220083
mse,0.15,12.055056,6.65437
