metric,area,comp,suff
mae,0.05,7.491115,26.686195
mae,0.075,8.509611,26.173436
mae,0.1,9.398926,25.737926
mae,0.15,11.114296,24.453506
mse,0.05,5.463297,45.651835
mse,0.075,6.703697,43.806733
mse,0.1,7.888729,42.311625
mse,0.15,11.086872,38.213701
