metric,area,comp,suff
mae,0.05,6.422478,20.307231
mae,0.075,8.022151,18.640664
mae,0.1,8.793176,17.766443
mae,0.15,10.210024,16.06835
mse,0.05,3.868433,23.758962
mse,0.075,5.432462,20.15465
mse,0.1,6.262876,18.376625
mse,0.15,7.890007,15.184998
