metric,area,comp,suff
mae,0.05,6.477298,20.152997
mae,0.075,8.087959,18.502219
mae,0.1,8.821477,17.644018
mae,0.15,10.202337,15.97306
mse,0.05,3.878243,23.442815
mse,0.075,5.45244,19.887815
mse,0.1,6.243605,18.166918
mse,0.15,7.846399,15.043772
