metric,area,comp,suff
mae,0.05,6.471182,20.2677
mae,0.075,8.062657,18.631326
mae,0.1,8.8226,17.772103
mae,0.15,10.212208,16.095363
mse,0.05,3.881,23.67649
mse,0.075,5.428254,20.13893
mse,0.1,6.247212,18.394323
mse,0.15,7.854609,15.233356
