metric,area,comp,suff
mae,0.05,3.283509,22.3044
mae,0.075,4.307085,21.443401
mae,0.1,4.80439,20.988329
mae,0.15,5.804291,20.001172
mse,0.05,1.155527,28.744019
mse,0.075,1.749669,26.75135
mse,0.1,2.074378,25.734567
mse,0.15,2.779951,23.617544
