metric,area,comp,suff
mae,0.05,5.437339,20.818694
mae,0.075,6.697337,19.723614
mae,0.1,7.288941,19.159249
mae,0.15,8.440404,18.020367
mse,0.05,2.935337,24.831459
mse,0.075,4.045256,22.440362
mse,0.1,4.613978,21.272024
mse,0.15,5.788466,19.045638
