metric,area,comp,suff
mae,0.05,8.3807,17.978208
mae,0.075,10.165179,15.857968
mae,0.1,11.099283,14.73928
mae,0.15,12.980936,12.548561
mse,0.05,5.766393,18.648387
mse,0.075,7.817547,14.566744
mse,0.1,8.984877,12.634782
mse,0.15,11.542649,9.278852
