metric,area,comp,suff
mae,0.05,7.480365,19.022092
mae,0.075,9.367889,16.967515
mae,0.1,10.318542,15.879094
mae,0.15,12.182509,13.751993
mse,0.05,4.927348,20.733964
mse,0.075,6.961358,16.559717
mse,0.1,8.084779,14.54193
mse,0.15,10.502784,11.021571
