metric,area,comp,suff
mae,0.05,5.490379,20.81289
mae,0.075,6.729403,19.700064
mae,0.1,7.320201,19.141704
mae,0.15,8.472305,17.992368
mse,0.05,2.961507,24.84456
mse,0.075,4.053773,22.417104
mse,0.1,4.617759,21.266207
mse,0.15,5.797553,19.012537
