metric,area,comp,suff
mae,0.05,6.422553,19.98356
mae,0.075,7.938158,18.796375
mae,0.1,8.633027,18.218216
mae,0.15,10.034498,17.052671
mse,0.05,3.73203,22.880359
mse,0.075,5.250125,20.444496
mse,0.1,6.018749,19.350698
mse,0.15,7.705272,17.304636
