metric,area,comp,suff
mae,0.05,7.172126,19.602567
mae,0.075,8.786212,18.493812
mae,0.1,9.591879,17.938974
mae,0.15,11.231734,16.866704
mse,0.05,4.366137,22.147583
mse,0.075,6.086625,20.022095
mse,0.1,7.038311,19.053689
mse,0.15,9.193706,17.348295
