metric,area,comp,suff
mae,0.05,8.36515,18.216637
mae,0.075,10.178517,16.07003
mae,0.1,11.132317,14.942324
mae,0.15,13.050023,12.715651
mse,0.05,5.773346,19.085639
mse,0.075,7.855178,14.917489
mse,0.1,9.055487,12.951191
mse,0.15,11.673609,9.503579
