metric,area,comp,suff
mae,0.05,8.381658,18.088858
mae,0.075,10.187778,15.95573
mae,0.1,11.124847,14.825559
mae,0.15,13.027996,12.605893
mse,0.05,5.792357,18.848729
mse,0.075,7.863328,14.737656
mse,0.1,9.047897,12.774226
mse,0.15,11.653265,9.359728
