metric,area,comp,suff
mae,0.05,8.36515,18.216691
mae,0.075,10.178517,16.069999
mae,0.1,11.132317,14.942324
mae,0.15,13.050023,12.715652
mse,0.05,5.773346,19.085719
mse,0.075,7.855178,14.917421
mse,0.1,9.055487,12.951191
mse,0.15,11.673609,9.503579
