metric,area,comp,suff
mae,0.05,8.426492,18.097321
mae,0.075,10.242259,15.951005
mae,0.1,11.174458,14.844469
mae,0.15,13.061485,12.644876
mse,0.05,5.779611,18.866783
mse,0.075,7.871834,14.724652
mse,0.1,9.037828,12.803241
mse,0.15,11.607126,9.409731
