metric,area,comp,suff
mae,0.05,8.409825,18.222591
mae,0.075,10.218183,16.085303
mae,0.1,11.151099,14.964492
mae,0.15,13.071508,12.723979
mse,0.05,5.829711,19.131096
mse,0.075,7.92929,14.984186
mse,0.1,9.107471,13.030723
mse,0.15,11.749454,9.55603
