metric,area,comp,suff
mae,0.05,8.386727,18.171562
mae,0.075,10.150267,16.052263
mae,0.1,11.066897,14.93474
mae,0.15,12.968243,12.723645
mse,0.05,5.797319,19.006677
mse,0.075,7.817416,14.905383
mse,0.1,8.95393,12.957254
mse,0.15,11.534134,9.520645
