metric,area,comp,suff
mae,0.05,8.30752,18.299614
mae,0.075,10.120771,16.157113
mae,0.1,11.0747,15.02656
mae,0.15,13.049365,12.774451
mse,0.05,5.679172,19.260508
mse,0.075,7.749145,15.093899
mse,0.1,8.93307,13.105921
mse,0.15,11.607972,9.609218
