metric,area,comp,suff
mae,0.05,1.272063,13.100941
mae,0.075,1.733319,11.24189
mae,0.1,2.115516,10.351504
mae,0.15,2.96859,7.93373
mse,0.05,0.156247,10.951808
mse,0.075,0.264054,8.163801
mse,0.1,0.355979,6.932303
mse,0.15,0.623711,4.129555
