metric,area,comp,suff
mae,0.05,5.416911,21.692533
mae,0.075,5.854076,21.135909
mae,0.1,6.123299,20.750373
mae,0.15,6.874184,19.712844
mse,0.05,3.653462,26.931712
mse,0.075,3.985245,25.65571
mse,0.1,4.185643,24.783509
mse,0.15,4.762499,22.507007
