metric,area,comp,suff
mae,0.05,5.393179,21.883421
mae,0.075,5.838305,21.33223
mae,0.1,6.109012,20.958185
mae,0.15,6.861204,19.948759
mse,0.05,3.636325,27.312597
mse,0.075,3.966491,26.044716
mse,0.1,4.160883,25.197426
mse,0.15,4.707732,22.966019
