metric,area,comp,suff
mae,0.05,5.417877,21.69113
mae,0.075,5.855596,21.133359
mae,0.1,6.124784,20.749922
mae,0.15,6.875021,19.711913
mse,0.05,3.6538,26.927371
mse,0.075,3.987232,25.647287
mse,0.1,4.186701,24.78122
mse,0.15,4.762663,22.502493
