metric,area,comp,suff
mae,0.05,5.263504,21.889456
mae,0.075,5.699821,21.328672
mae,0.1,5.977228,20.943612
mae,0.15,6.741619,19.903699
mse,0.05,3.48755,27.384132
mse,0.075,3.813546,26.083237
mse,0.1,4.017301,25.199966
mse,0.15,4.593205,22.896898
