metric,area,comp,suff
mae,0.05,5.256345,21.82926
mae,0.075,5.705713,21.272901
mae,0.1,5.983116,20.90023
mae,0.15,6.74463,19.884162
mse,0.05,3.468823,27.248054
mse,0.075,3.7934,25.966051
mse,0.1,3.989324,25.115158
mse,0.15,4.534823,22.843441
