metric,area,comp,suff
mae,0.05,8.387943,18.171755
mae,0.075,10.148593,16.051338
mae,0.1,11.063706,14.933548
mae,0.15,12.966781,12.72367
mse,0.05,5.801639,19.006543
mse,0.075,7.816873,14.902187
mse,0.1,8.95098,12.954519
mse,0.15,11.5333,9.520522
