metric,area,comp,suff
mae,0.05,8.364605,18.124728
mae,0.075,10.163533,16.009466
mae,0.1,11.101931,14.883848
mae,0.15,12.994454,12.685944
mse,0.05,5.731668,18.899215
mse,0.075,7.786603,14.812049
mse,0.1,8.950134,12.859259
mse,0.15,11.525402,9.46659
