metric,area,comp,suff
mae,0.05,9.663941,17.743386
mae,0.075,10.939589,17.452304
mae,0.1,11.702365,17.163452
mae,0.15,13.272933,16.294846
mse,0.05,8.09518,20.724651
mse,0.075,9.903107,20.11376
mse,0.1,11.027717,19.510368
mse,0.15,13.529728,17.681318
