metric,area,comp,suff
mae,0.05,7.872303,27.346856
mae,0.075,8.486851,27.322626
mae,0.1,9.414795,26.484842
mae,0.15,10.78513,25.462282
mse,0.05,7.844035,45.698597
mse,0.075,8.41274,45.600747
mse,0.1,9.303113,43.201083
mse,0.15,11.564981,40.513184
