metric,area,comp,suff
mae,0.05,8.718268,14.000767
mae,0.075,9.643727,13.242458
mae,0.1,10.051144,12.816496
mae,0.15,10.7995,11.885454
mse,0.05,7.155157,12.930806
mse,0.075,8.048573,11.639462
mse,0.1,8.469599,10.942615
mse,0.15,9.319909,9.503039
