metric,area,comp,suff
mae,0.05,8.634008,14.111681
mae,0.075,9.584256,13.315225
mae,0.1,10.001243,12.881961
mae,0.15,10.726624,11.938692
mse,0.05,7.060731,13.162985
mse,0.075,7.955982,11.80731
mse,0.1,8.397764,11.104158
mse,0.15,9.215582,9.642619
