metric,area,comp,suff
mae,0.05,8.634008,14.111681
mae,0.075,9.584257,13.315266
mae,0.1,10.001243,12.881961
mae,0.15,10.726648,11.93869
mse,0.05,7.060732,13.162985
mse,0.075,7.955982,11.80733
mse,0.1,8.397764,11.104159
mse,0.15,9.215597,9.642619
