metric,area,comp,suff
mae,0.05,2.164175,16.832645
mae,0.075,3.287056,16.269991
mae,0.1,4.002772,15.874265
mae,0.15,5.630411,14.922444
mse,0.05,0.643631,18.757105
mse,0.075,1.238122,17.781891
mse,0.1,1.723159,17.106795
mse,0.15,3.012968,15.551865
