metric,area,comp,suff
mae,0.05,9.62583,13.185026
mae,0.075,10.296199,12.475793
mae,0.1,10.594832,12.064309
mae,0.15,11.218997,11.118041
mse,0.05,8.159232,11.432355
mse,0.075,8.792572,10.322142
mse,0.1,9.110762,9.696996
mse,0.15,9.849425,8.339427
