metric,area,comp,suff
mae,0.05,10.757482,12.323547
mae,0.075,11.301807,11.47068
mae,0.1,11.57003,10.9592
mae,0.15,12.22029,9.796822
mse,0.05,9.253842,10.059709
mse,0.075,9.829775,8.861911
mse,0.1,10.166076,8.170333
mse,0.15,11.04472,6.671018
