metric,area,comp,suff
mae,0.05,5.642222,16.219412
mae,0.075,6.59566,15.90659
mae,0.1,7.082659,15.725608
mae,0.15,8.01402,15.303394
mse,0.05,4.112063,17.239294
mse,0.075,4.83849,16.655308
mse,0.1,5.240713,16.322629
mse,0.15,6.064884,15.56849
