metric,area,comp,suff
mae,0.05,5.686934,16.171702
mae,0.075,6.631799,15.876936
mae,0.1,7.10418,15.691581
mae,0.15,8.032469,15.257033
mse,0.05,4.100242,17.183339
mse,0.075,4.78777,16.629491
mse,0.1,5.174023,16.285917
mse,0.15,6.020886,15.491391
