metric,area,comp,suff
mae,0.05,5.851893,17.234745
mae,0.075,7.114801,17.224445
mae,0.1,7.752478,17.194328
mae,0.15,8.981609,17.0758
mse,0.05,4.125714,19.175893
mse,0.075,5.168961,19.211514
mse,0.1,5.77495,19.186812
mse,0.15,7.083341,19.018097
