metric,area,comp,suff
mae,0.05,8.129478,18.416916
mae,0.075,9.982209,18.866091
mae,0.1,10.899708,19.084263
mae,0.15,12.535784,19.482796
mse,0.05,5.947802,21.423659
mse,0.075,7.98687,22.428202
mse,0.1,9.170535,22.924179
mse,0.15,11.55723,23.839675
