metric,area,comp,suff
mae,0.05,11.124203,12.383328
mae,0.075,11.641984,11.523456
mae,0.1,11.904024,11.020366
mae,0.15,12.5436,9.852969
mse,0.05,9.899498,10.174935
mse,0.075,10.42577,8.956718
mse,0.1,10.760039,8.272554
mse,0.15,11.648972,6.757795
