metric,area,comp,suff
mae,0.05,11.124203,12.383328
mae,0.075,11.641984,11.523456
mae,0.1,11.904025,11.020367
mae,0.15,12.5436,9.852966
mse,0.05,9.899498,10.174936
mse,0.075,10.425771,8.956719
mse,0.1,10.760039,8.272555
mse,0.15,11.648974,6.757795
