metric,area,comp,suff
mae,0.05,10.618442,12.398751
mae,0.075,11.260043,11.494751
mae,0.1,11.582135,10.962529
mae,0.15,12.304282,9.738266
mse,0.05,9.211246,10.154856
mse,0.075,9.931218,8.860788
mse,0.1,10.347435,8.125552
mse,0.15,11.326378,6.542022
