metric,area,comp,suff
mae,0.05,10.984231,12.278664
mae,0.075,11.505256,11.428311
mae,0.1,11.776171,10.928962
mae,0.15,12.408619,9.760186
mse,0.05,9.54856,10.018911
mse,0.075,10.135535,8.823879
mse,0.1,10.495517,8.144593
mse,0.15,11.356534,6.639089
