metric,area,comp,suff
mae,0.05,10.742935,12.496005
mae,0.075,11.344321,11.593003
mae,0.1,11.63573,11.056271
mae,0.15,12.352428,9.81626
mse,0.05,9.33592,10.368345
mse,0.075,9.959331,9.052407
mse,0.1,10.336726,8.304344
mse,0.15,11.298648,6.674734
