metric,area,comp,suff
mae,0.05,10.88889,12.358173
mae,0.075,11.414851,11.515954
mae,0.1,11.691786,10.998161
mae,0.15,12.359534,9.819547
mse,0.05,9.469254,10.131576
mse,0.075,10.038498,8.943285
mse,0.1,10.385198,8.243558
mse,0.15,11.29497,6.726559
