metric,area,comp,suff
mae,0.05,1.889203,10.748424
mae,0.075,2.040097,10.155915
mae,0.1,2.094226,9.755538
mae,0.15,2.23665,8.582179
mse,0.05,0.281758,7.670906
mse,0.075,0.304695,6.875356
mse,0.1,0.31315,6.361354
mse,0.15,0.349444,4.82774
