metric,area,comp,suff
mae,0.05,9.686706,13.960555
mae,0.075,10.109286,13.586983
mae,0.1,10.302314,13.36179
mae,0.15,10.681503,12.778919
mse,0.05,7.982522,12.70334
mse,0.075,8.407703,12.078886
mse,0.1,8.620123,11.72113
mse,0.15,9.066516,10.819126
