metric,area,comp,suff
mae,0.05,9.797381,13.829034
mae,0.075,10.231737,13.470394
mae,0.1,10.418181,13.245045
mae,0.15,10.805144,12.683113
mse,0.05,8.127069,12.500543
mse,0.075,8.576074,11.914378
mse,0.1,8.789488,11.558278
mse,0.15,9.250178,10.685951
