metric,area,comp,suff
mae,0.05,9.55448,13.875181
mae,0.075,9.98331,13.507409
mae,0.1,10.181724,13.279556
mae,0.15,10.557999,12.724438
mse,0.05,7.953466,12.600406
mse,0.075,8.37312,11.999344
mse,0.1,8.588047,11.634641
mse,0.15,9.013519,10.765733
