metric,area,comp,suff
mae,0.05,10.804366,12.360952
mae,0.075,11.329892,11.499318
mae,0.1,11.602052,10.981431
mae,0.15,12.244397,9.82301
mse,0.05,9.317754,10.138946
mse,0.075,9.880221,8.912487
mse,0.1,10.220808,8.210492
mse,0.15,11.101302,6.712953
