metric,area,comp,suff
mae,0.05,11.17939,12.382757
mae,0.075,11.663816,11.543107
mae,0.1,11.898869,11.036167
mae,0.15,12.510687,9.862482
mse,0.05,9.934909,10.17356
mse,0.075,10.441791,8.97917
mse,0.1,10.74963,8.283247
mse,0.15,11.602984,6.758852
