metric,area,comp,suff
mae,0.05,7.278268,18.461942
mae,0.075,8.712082,17.665435
mae,0.1,9.551016,17.140205
mae,0.15,11.01309,16.000019
mse,0.05,5.100806,22.065528
mse,0.075,6.702673,20.324216
mse,0.1,7.739618,19.227091
mse,0.15,9.698712,16.928528
