metric,area,comp,suff
mae,0.05,2.631906,20.989097
mae,0.075,3.558509,20.589797
mae,0.1,4.273585,20.298927
mae,0.15,5.517268,19.648708
mse,0.05,0.695056,28.024012
mse,0.075,1.176642,27.122463
mse,0.1,1.628351,26.453554
mse,0.15,2.531685,24.980671
