metric,area,comp,suff
mae,0.05,8.636309,17.794195
mae,0.075,10.228454,16.845506
mae,0.1,11.109976,16.265352
mae,0.15,12.522484,15.015006
mse,0.05,6.783462,20.525123
mse,0.075,8.76791,18.559418
mse,0.1,9.953315,17.406138
mse,0.15,11.983962,15.030696
