metric,area,comp,suff
mae,0.05,5.39245,20.167362
mae,0.075,6.690042,19.657536
mae,0.1,7.432215,19.347404
mae,0.15,8.769749,18.662505
mse,0.05,2.805697,25.82442
mse,0.075,3.957305,24.658655
mse,0.1,4.705833,23.965668
mse,0.15,6.201513,22.452463
