metric,area,comp,suff
mae,0.05,5.064445,20.659004
mae,0.075,6.526075,20.339699
mae,0.1,7.460548,20.176433
mae,0.15,8.993049,19.729282
mse,0.05,2.69177,27.102736
mse,0.075,3.934446,26.358182
mse,0.1,4.850466,25.984026
mse,0.15,6.561661,24.993474
