metric,area,comp,suff
mae,0.05,7.32505,21.455703
mae,0.075,9.462401,21.461398
mae,0.1,10.582673,21.436029
mae,0.15,12.524465,21.24026
mse,0.05,4.250462,28.744647
mse,0.075,6.579339,28.706704
mse,0.1,8.07552,28.605782
mse,0.15,10.936885,28.105569
