metric,area,comp,suff
mae,0.05,11.500655,16.35381
mae,0.075,12.769094,15.038352
mae,0.1,13.433683,14.17197
mae,0.15,14.669245,12.403011
mse,0.05,10.583213,17.545853
mse,0.075,12.399933,14.995172
mse,0.1,13.409555,13.417391
mse,0.15,15.437728,10.454309
