metric,area,comp,suff
mae,0.05,11.139262,16.404164
mae,0.075,12.506948,15.110031
mae,0.1,13.220978,14.268676
mae,0.15,14.483917,12.649663
mse,0.05,10.113011,17.714915
mse,0.075,12.020945,15.188819
mse,0.1,13.090374,13.65523
mse,0.15,15.139141,10.919923
