metric,area,comp,suff
mae,0.05,7.335099,18.399224
mae,0.075,8.255933,17.941457
mae,0.1,8.88851,17.617584
mae,0.15,10.064076,16.812576
mse,0.05,4.937692,21.82471
mse,0.075,5.899654,20.838262
mse,0.1,6.626637,20.162473
mse,0.15,8.063406,18.505973
