metric,area,comp,suff
mae,0.05,11.093289,16.480445
mae,0.075,12.458926,15.214764
mae,0.1,13.160219,14.401093
mae,0.15,14.420952,12.736268
mse,0.05,9.965959,17.814113
mse,0.075,11.871095,15.354848
mse,0.1,12.923501,13.865998
mse,0.15,14.918272,11.027447
