metric,area,comp,suff
accuracy,0.05,0.987807,0.984158
accuracy,0.075,0.984118,0.984158
accuracy,0.1,0.980646,0.985026
accuracy,0.15,0.973918,0.986545
auc,0.05,0.308172,0.260192
auc,0.075,0.301983,0.273947
auc,0.1,0.295032,0.28786
auc,0.15,0.285492,0.298976
cross_entropy,0.05,0.108635,0.118151
cross_entropy,0.075,0.118926,0.113585
cross_entropy,0.1,0.13035,0.107878
cross_entropy,0.15,0.146632,0.10181
