metric,area,comp,suff
mae,0.05,1.486402,12.089916
mae,0.075,1.663017,11.305623
mae,0.1,1.829393,10.807415
mae,0.15,2.307418,9.467468
mse,0.05,0.206225,9.598049
mse,0.075,0.239076,8.608364
mse,0.1,0.271157,7.933516
mse,0.15,0.375217,5.939165
