metric,area,comp,suff
mae,0.05,6.570038,20.762615
mae,0.075,8.213667,19.072663
mae,0.1,8.994945,18.180841
mae,0.15,10.446857,16.447986
mse,0.05,3.956141,24.70036
mse,0.075,5.531454,20.973759
mse,0.1,6.374839,19.130647
mse,0.15,8.060439,15.813257
