metric,area,comp,suff
mae,0.05,6.574145,20.86661
mae,0.075,8.162147,19.172022
mae,0.1,8.948391,18.280936
mae,0.15,10.385837,16.552704
mse,0.05,3.960738,24.975547
mse,0.075,5.472902,21.209045
mse,0.1,6.320984,19.360231
mse,0.15,7.981175,16.044706
