metric,area,comp,suff
mae,0.05,6.512305,20.776761
mae,0.075,8.105126,19.116356
mae,0.1,8.889689,18.222629
mae,0.15,10.33219,16.496718
mse,0.05,3.894467,24.752146
mse,0.075,5.408174,21.0774
mse,0.1,6.252754,19.230942
mse,0.15,7.910346,15.925609
