metric,area,comp,suff
mae,0.05,3.337167,23.080024
mae,0.075,4.337793,22.198633
mae,0.1,4.844753,21.746107
mae,0.15,5.883486,20.736615
mse,0.05,1.199991,30.561011
mse,0.075,1.788371,28.459679
mse,0.1,2.113019,27.423015
mse,0.15,2.83225,25.207706
