metric,area,comp,suff
mae,0.05,8.582305,18.575479
mae,0.075,10.483714,16.378558
mae,0.1,11.462193,15.219987
mae,0.15,13.466591,12.95717
mse,0.05,5.938646,19.808782
mse,0.075,8.164423,15.489232
mse,0.1,9.421403,13.430266
mse,0.15,12.212507,9.84757
