metric,area,comp,suff
mae,0.05,5.712002,21.38659
mae,0.075,7.036298,20.252616
mae,0.1,7.642248,19.682993
mae,0.15,8.826633,18.511457
mse,0.05,3.11357,26.048726
mse,0.075,4.314162,23.508561
mse,0.1,4.913643,22.307235
mse,0.15,6.167929,19.952519
