metric,area,comp,suff
mae,0.05,7.765631,19.579401
mae,0.075,9.766588,17.400452
mae,0.1,10.79228,16.251498
mae,0.15,12.793905,14.042798
mse,0.05,5.226574,21.854336
mse,0.075,7.422647,17.323006
mse,0.1,8.693122,15.157842
mse,0.15,11.387285,11.423099
