metric,area,comp,suff
mae,0.05,5.760705,21.29033
mae,0.075,7.075235,20.147416
mae,0.1,7.69192,19.56386
mae,0.15,8.871932,18.405667
mse,0.05,3.178893,25.868926
mse,0.075,4.369712,23.327172
mse,0.1,4.982947,22.101729
mse,0.15,6.2397,19.790178
