metric,area,comp,suff
mae,0.05,7.765592,19.579401
mae,0.075,9.766583,17.400434
mae,0.1,10.79228,16.251505
mae,0.15,12.794036,14.042768
mse,0.05,5.226555,21.854337
mse,0.075,7.422644,17.322968
mse,0.1,8.693122,15.157844
mse,0.15,11.387426,11.423051
