metric,area,comp,suff
mae,0.05,6.761069,20.452734
mae,0.075,8.357152,19.214033
mae,0.1,9.082561,18.608048
mae,0.15,10.557337,17.368044
mse,0.05,4.047703,23.846003
mse,0.075,5.710199,21.248339
mse,0.1,6.554027,20.074905
mse,0.15,8.414371,17.86471
