metric,area,comp,suff
mae,0.05,7.532713,19.903201
mae,0.075,9.226643,18.719203
mae,0.1,10.059881,18.134485
mae,0.15,11.757999,17.013213
mse,0.05,4.718455,22.732058
mse,0.075,6.600256,20.439066
mse,0.1,7.627377,19.410163
mse,0.15,9.96197,17.615806
