metric,area,comp,suff
mae,0.05,8.616803,18.660818
mae,0.075,10.531957,16.471127
mae,0.1,11.523283,15.308
mae,0.15,13.513026,13.031579
mse,0.05,5.938211,19.975074
mse,0.075,8.177465,15.639518
mse,0.1,9.450246,13.563666
mse,0.15,12.24341,9.958113
