metric,area,comp,suff
mae,0.05,8.600647,18.607979
mae,0.075,10.50424,16.437716
mae,0.1,11.479102,15.275091
mae,0.15,13.452305,13.013165
mse,0.05,5.911239,19.862072
mse,0.075,8.129717,15.571704
mse,0.1,9.383217,13.502551
mse,0.15,12.13971,9.923241
