metric,area,comp,suff
mae,0.05,8.616803,18.660818
mae,0.075,10.531945,16.471128
mae,0.1,11.523225,15.308
mae,0.15,13.513054,13.031549
mse,0.05,5.938211,19.975074
mse,0.075,8.177487,15.639518
mse,0.1,9.450162,13.563666
mse,0.15,12.243447,9.958074
