metric,area,comp,suff
mae,0.05,8.496828,18.673066
mae,0.075,10.406459,16.465471
mae,0.1,11.411937,15.295223
mae,0.15,13.468349,12.967212
mse,0.05,5.782591,20.034641
mse,0.075,7.999987,15.66452
mse,0.1,9.287398,13.57959
mse,0.15,12.156247,9.89546
