metric,area,comp,suff
mae,0.05,8.601178,18.619026
mae,0.075,10.488788,16.426663
mae,0.1,11.481198,15.258038
mae,0.15,13.483257,12.983323
mse,0.05,5.93258,19.894763
mse,0.075,8.122127,15.567641
mse,0.1,9.391345,13.48612
mse,0.15,12.185687,9.88982
