metric,area,comp,suff
mae,0.05,8.601412,18.717912
mae,0.075,10.514669,16.500643
mae,0.1,11.504589,15.334504
mae,0.15,13.478956,13.041476
mse,0.05,5.921743,20.140828
mse,0.075,8.159758,15.726018
mse,0.1,9.436625,13.637356
mse,0.15,12.213176,9.987079
