metric,area,comp,suff
mae,0.05,5.417525,22.567315
mae,0.075,5.87703,22.038752
mae,0.1,6.159885,21.665318
mae,0.15,6.929564,20.659727
mse,0.05,3.582378,29.145221
mse,0.075,3.908189,27.894873
mse,0.1,4.101543,27.016345
mse,0.15,4.645369,24.707689
