metric,area,comp,suff
mae,0.05,5.433109,22.58937
mae,0.075,5.888731,22.043837
mae,0.1,6.166186,21.673606
mae,0.15,6.916799,20.678984
mse,0.05,3.695617,29.188318
mse,0.075,4.020657,27.890597
mse,0.1,4.215268,27.017035
mse,0.15,4.750495,24.732029
