metric,area,comp,suff
mae,0.05,5.430785,22.590897
mae,0.075,5.894147,22.040076
mae,0.1,6.182827,21.657364
mae,0.15,6.954868,20.64523
mse,0.05,3.742304,29.134237
mse,0.075,4.068767,27.832342
mse,0.1,4.265756,26.935505
mse,0.15,4.79792,24.629233
