metric,area,comp,suff
mae,0.05,8.610445,18.631136
mae,0.075,10.521806,16.421808
mae,0.1,11.524739,15.258069
mae,0.15,13.534482,12.983669
mse,0.05,5.897275,19.987739
mse,0.075,8.139412,15.609044
mse,0.1,9.434481,13.526241
mse,0.15,12.247701,9.925425
