metric,area,comp,suff
mae,0.05,8.535513,18.68872
mae,0.075,10.44792,16.466998
mae,0.1,11.430313,15.314849
mae,0.15,13.414601,13.035212
mse,0.05,5.844375,20.061767
mse,0.075,8.055171,15.658999
mse,0.1,9.317756,13.593601
mse,0.15,12.087893,9.971304
