metric,area,comp,suff
mae,0.05,34.702886,32.324043
mae,0.1,59.885343,8.018694
mae,0.5,69.366956,0.0
mse,0.05,50.594439,44.066718
mse,0.1,150.554469,2.895508
mse,0.5,201.787135,0.0
