metric,area,comp,suff
accuracy,0.05,0.982599,0.978435
accuracy,0.075,0.984729,0.976008
accuracy,0.1,0.98542,0.976442
accuracy,0.15,0.986939,0.975614
auc,0.05,0.242466,0.25504
auc,0.075,0.255791,0.261458
auc,0.1,0.25358,0.258886
auc,0.15,0.250123,0.264307
cross_entropy,0.05,0.08158,0.133273
cross_entropy,0.075,0.077946,0.134877
cross_entropy,0.1,0.076583,0.136009
cross_entropy,0.15,0.075426,0.136183
