metric,area,comp,suff
accuracy,0.05,0.968372,0.970583
accuracy,0.075,0.970108,0.974272
accuracy,0.1,0.970759,0.975397
accuracy,0.15,0.971193,0.97526
auc,0.05,0.513996,0.521425
auc,0.075,0.49007,0.526623
auc,0.1,0.478567,0.534443
auc,0.15,0.464173,0.544837
cross_entropy,0.05,0.138434,0.196699
cross_entropy,0.075,0.13882,0.199304
cross_entropy,0.1,0.138579,0.199227
cross_entropy,0.15,0.141599,0.197096
