metric,area,comp,suff
accuracy,0.05,0.968967,0.970052
accuracy,0.075,0.969184,0.969835
accuracy,0.1,0.970052,0.97309
accuracy,0.15,0.970052,0.973958
auc,0.05,0.49977,0.498668
auc,0.075,0.485471,0.512353
auc,0.1,0.478209,0.52289
auc,0.15,0.458373,0.532673
cross_entropy,0.05,0.13842,0.19937
cross_entropy,0.075,0.139278,0.200238
cross_entropy,0.1,0.137908,0.200463
cross_entropy,0.15,0.139888,0.200815
