metric,area,comp,suff
accuracy,0.05,0.984769,0.966065
accuracy,0.075,0.983901,0.967761
accuracy,0.1,0.981297,0.96711
accuracy,0.15,0.977173,0.968019
auc,0.05,0.587023,0.420316
auc,0.075,0.579004,0.448851
auc,0.1,0.571243,0.476953
auc,0.15,0.561569,0.50111
cross_entropy,0.05,0.126967,0.198482
cross_entropy,0.075,0.133229,0.194831
cross_entropy,0.1,0.138436,0.192382
cross_entropy,0.15,0.146913,0.189089
