metric,area,comp,suff
accuracy,0.05,0.980035,0.987196
accuracy,0.075,0.976997,0.986328
accuracy,0.1,0.976128,0.988024
accuracy,0.15,0.972873,0.990451
auc,0.05,0.249765,0.297678
auc,0.075,0.235443,0.298574
auc,0.1,0.220389,0.299601
auc,0.15,0.230234,0.303084
cross_entropy,0.05,0.121849,0.093695
cross_entropy,0.075,0.126308,0.09089
cross_entropy,0.1,0.130179,0.086446
cross_entropy,0.15,0.136055,0.081223
