metric,area,comp,suff
accuracy,0.05,0.969795,0.964627
accuracy,0.075,0.969578,0.964627
accuracy,0.1,0.97088,0.961806
accuracy,0.15,0.970269,0.963759
auc,0.05,0.512866,0.542704
auc,0.075,0.504835,0.558735
auc,0.1,0.501054,0.565708
auc,0.15,0.459881,0.574571
cross_entropy,0.05,0.131526,0.219345
cross_entropy,0.075,0.1312,0.223024
cross_entropy,0.1,0.130287,0.2241
cross_entropy,0.15,0.133209,0.223972
