metric,area,comp,suff
accuracy,0.05,0.915461,0.925878
accuracy,0.075,0.895279,0.897192
accuracy,0.1,0.880265,0.874325
accuracy,0.15,0.858089,0.839603
auc,0.05,0.542036,0.460844
auc,0.075,0.522695,0.463832
auc,0.1,0.51393,0.462135
auc,0.15,0.502045,0.462324
cross_entropy,0.05,inf,inf
cross_entropy,0.075,inf,inf
cross_entropy,0.1,inf,inf
cross_entropy,0.15,inf,inf
