metric,area,comp,suff
accuracy,0.05,0.916112,0.927614
accuracy,0.075,0.89593,0.898711
accuracy,0.1,0.878745,0.874108
accuracy,0.15,0.859134,0.842777
auc,0.05,0.54078,0.450332
auc,0.075,0.525518,0.45825
auc,0.1,0.512793,0.454219
auc,0.15,0.502566,0.456158
cross_entropy,0.05,inf,inf
cross_entropy,0.075,inf,inf
cross_entropy,0.1,inf,inf
cross_entropy,0.15,inf,inf
