metric,area,comp,suff
accuracy,0.05,0.969795,0.965061
accuracy,0.075,0.969361,0.964193
accuracy,0.1,0.971097,0.962023
accuracy,0.15,0.970486,0.960503
auc,0.05,0.503672,0.547427
auc,0.075,0.503476,0.561121
auc,0.1,0.498262,0.565682
auc,0.15,0.458225,0.573462
cross_entropy,0.05,0.132587,0.218928
cross_entropy,0.075,0.131797,0.222124
cross_entropy,0.1,0.130787,0.224614
cross_entropy,0.15,0.133029,0.225518
