metric,area,comp,suff
accuracy,0.05,0.691985,0.627098
accuracy,0.075,0.625241,0.567178
accuracy,0.1,0.584796,0.540582
accuracy,0.15,0.548732,0.520182
auc,0.05,0.490754,0.433005
auc,0.075,0.472403,0.434625
auc,0.1,0.465607,0.440376
auc,0.15,0.446081,0.437273
cross_entropy,0.05,inf,inf
cross_entropy,0.075,inf,inf
cross_entropy,0.1,inf,inf
cross_entropy,0.15,inf,inf
