metric,area,comp,suff
accuracy,0.05,0.965495,0.97739
accuracy,0.075,0.962457,0.979126
accuracy,0.1,0.963542,0.981297
accuracy,0.15,0.963325,0.982776
auc,0.05,0.470187,0.574372
auc,0.075,0.446287,0.580819
auc,0.1,0.430388,0.585912
auc,0.15,0.418377,0.585979
cross_entropy,0.05,0.18715,0.155989
cross_entropy,0.075,0.195001,0.152015
cross_entropy,0.1,0.197256,0.148669
cross_entropy,0.15,0.203197,0.143937
