metric,area,comp,suff
accuracy,0.05,0.964249,0.978612
accuracy,0.075,0.962296,0.980348
accuracy,0.1,0.964032,0.982124
accuracy,0.15,0.964249,0.982816
auc,0.05,0.429797,0.536313
auc,0.075,0.413277,0.55095
auc,0.1,0.391691,0.55472
auc,0.15,0.374906,0.560906
cross_entropy,0.05,0.190579,0.15936
cross_entropy,0.075,0.194682,0.153285
cross_entropy,0.1,0.197445,0.148318
cross_entropy,0.15,0.202392,0.144262
