metric,area,comp,suff
accuracy,0.05,0.976088,0.984946
accuracy,0.075,0.97735,0.986031
accuracy,0.1,0.97518,0.988418
accuracy,0.15,0.977744,0.991673
auc,0.05,0.24882,0.295209
auc,0.075,0.24469,0.297638
auc,0.1,0.238495,0.299791
auc,0.15,0.227689,0.302557
cross_entropy,0.05,0.123693,0.092812
cross_entropy,0.075,0.125883,0.089084
cross_entropy,0.1,0.131541,0.085811
cross_entropy,0.15,0.131851,0.080177
