metric,area,comp,suff
accuracy,0.05,0.973958,0.986505
accuracy,0.075,0.971354,0.988064
accuracy,0.1,0.968099,0.988498
accuracy,0.15,0.965061,0.989149
auc,0.05,0.229954,0.295501
auc,0.075,0.213881,0.298335
auc,0.1,0.205832,0.299014
auc,0.15,0.195019,0.30218
cross_entropy,0.05,0.130775,0.094871
cross_entropy,0.075,0.138466,0.091046
cross_entropy,0.1,0.147585,0.088649
cross_entropy,0.15,0.159067,0.082576
