metric,area,comp,suff
accuracy,0.05,0.968236,0.974312
accuracy,0.075,0.966934,0.974095
accuracy,0.1,0.965848,0.975831
accuracy,0.15,0.96281,0.978869
auc,0.05,0.502733,0.500391
auc,0.075,0.472864,0.520227
auc,0.1,0.427533,0.528275
auc,0.15,0.398139,0.548423
cross_entropy,0.05,inf,0.170609
cross_entropy,0.075,inf,0.165868
cross_entropy,0.1,inf,0.162649
cross_entropy,0.15,inf,0.155533
