metric,area,comp,suff
accuracy,0.05,0.966065,0.975911
accuracy,0.075,0.965414,0.977648
accuracy,0.1,0.965197,0.978299
accuracy,0.15,0.96498,0.977431
auc,0.05,0.417973,0.5553
auc,0.075,0.378269,0.560386
auc,0.1,0.359147,0.562221
auc,0.15,0.323159,0.572066
cross_entropy,0.05,inf,0.16484
cross_entropy,0.075,inf,0.161055
cross_entropy,0.1,inf,0.158916
cross_entropy,0.15,inf,0.152991
