metric,area,comp,suff
accuracy,0.05,0.985356,0.90101
accuracy,0.075,0.982141,0.910992
accuracy,0.1,0.975823,0.915847
accuracy,0.15,0.963349,0.925082
auc,0.05,0.084744,0.046174
auc,0.075,0.086022,0.043317
auc,0.1,0.083574,0.044788
auc,0.15,0.085079,0.042381
cross_entropy,0.05,0.133511,0.306553
cross_entropy,0.075,0.13742,0.286505
cross_entropy,0.1,0.141647,0.269713
cross_entropy,0.15,0.153945,0.237896
