metric,area,comp,suff
accuracy,0.05,0.974609,0.965929
accuracy,0.075,0.971788,0.965712
accuracy,0.1,0.971571,0.969184
accuracy,0.15,0.97092,0.974392
auc,0.05,0.54383,0.477407
auc,0.075,0.532571,0.513159
auc,0.1,0.503234,0.523264
auc,0.15,0.461364,0.536274
cross_entropy,0.05,inf,0.197125
cross_entropy,0.075,inf,0.190707
cross_entropy,0.1,inf,0.187643
cross_entropy,0.15,inf,0.181025
