metric,area,comp,suff
accuracy,0.05,0.992622,0.971017
accuracy,0.075,0.990017,0.97305
accuracy,0.1,0.988064,0.973701
accuracy,0.15,0.986328,0.974609
auc,0.05,0.285163,0.236899
auc,0.075,0.285719,0.243937
auc,0.1,0.280791,0.255305
auc,0.15,0.269467,0.263198
cross_entropy,0.05,0.065,0.141143
cross_entropy,0.075,0.069463,0.13774
cross_entropy,0.1,0.076021,0.13298
cross_entropy,0.15,0.081503,0.128881
