metric,area,comp,suff
accuracy,0.05,0.973227,0.969104
accuracy,0.075,0.971491,0.967802
accuracy,0.1,0.973227,0.970189
accuracy,0.15,0.97301,0.97309
auc,0.05,0.551033,0.459049
auc,0.075,0.523586,0.485578
auc,0.1,0.511723,0.501688
auc,0.15,0.466506,0.52912
cross_entropy,0.05,inf,0.200085
cross_entropy,0.075,inf,0.19598
cross_entropy,0.1,inf,0.193686
cross_entropy,0.15,inf,0.188226
