metric,area,comp,suff
accuracy,0.05,0.968533,0.97522
accuracy,0.075,0.967665,0.976345
accuracy,0.1,0.966363,0.978299
accuracy,0.15,0.965495,0.980035
auc,0.05,0.451464,0.526697
auc,0.075,0.416199,0.538312
auc,0.1,0.394997,0.546703
auc,0.15,0.369744,0.555517
cross_entropy,0.05,0.189493,0.164585
cross_entropy,0.075,0.197213,0.161587
cross_entropy,0.1,0.204324,0.15841
cross_entropy,0.15,0.214111,0.153464
