metric,area,comp,suff
accuracy,0.05,0.969618,0.976916
accuracy,0.075,0.969401,0.977567
accuracy,0.1,0.96875,0.978909
accuracy,0.15,0.967014,0.981337
auc,0.05,0.445792,0.540375
auc,0.075,0.396922,0.549
auc,0.1,0.39589,0.550567
auc,0.15,0.366885,0.55612
cross_entropy,0.05,0.188456,0.165681
cross_entropy,0.075,0.198426,0.162166
cross_entropy,0.1,0.204471,0.160916
cross_entropy,0.15,0.214234,0.156589
