metric,area,comp,suff
accuracy,0.05,0.70769,0.902617
accuracy,0.075,0.695538,0.886124
accuracy,0.1,0.687805,0.879099
accuracy,0.15,0.683031,0.8587
auc,0.05,0.231351,0.608786
auc,0.075,0.21941,0.611336
auc,0.1,0.212754,0.617011
auc,0.15,0.2016,0.615263
cross_entropy,0.05,0.684797,0.270501
cross_entropy,0.075,0.718892,0.284023
cross_entropy,0.1,0.723018,0.295185
cross_entropy,0.15,0.704904,0.317666
