metric,area,comp,suff
mae,0.05,15.499028,20.630755
mae,0.075,15.884597,20.442591
mae,0.1,18.009387,18.921818
mae,0.15,19.256321,17.444899
mse,0.05,21.162901,28.894752
mse,0.075,21.429124,28.46929
mse,0.1,26.075566,24.769521
mse,0.15,28.362993,21.329822
