metric,area,comp,suff
mae,0.05,11.361808,24.899458
mae,0.075,12.267712,24.733203
mae,0.1,13.408622,23.989022
mae,0.15,14.892569,23.114815
mse,0.05,12.852925,41.853607
mse,0.075,14.10056,41.382041
mse,0.1,15.869461,39.167885
mse,0.15,18.196499,36.753484
