metric,area,comp,suff
accuracy,0.05,0.993924,0.986979
accuracy,0.075,0.989583,0.987413
accuracy,0.1,0.988281,0.989149
accuracy,0.15,0.984809,0.987847
auc,0.05,0.274335,0.176561
auc,0.075,0.273193,0.207809
auc,0.1,0.266771,0.23135
auc,0.15,0.258022,0.246186
cross_entropy,0.05,0.09613,0.111218
cross_entropy,0.075,0.100993,0.106087
cross_entropy,0.1,0.105039,0.103444
cross_entropy,0.15,0.114818,0.098227
