metric,area,comp,suff
accuracy,0.05,0.970703,0.870419
accuracy,0.075,0.965929,0.8836
accuracy,0.1,0.960503,0.89597
accuracy,0.15,0.956123,0.915067
auc,0.05,0.258763,0.338758
auc,0.075,0.250422,0.341245
auc,0.1,0.2412,0.342372
auc,0.15,0.238807,0.342372
cross_entropy,0.05,0.153895,0.365157
cross_entropy,0.075,0.171917,0.340996
cross_entropy,0.1,0.187167,0.322894
cross_entropy,0.15,0.211151,0.293413
