metric,area,comp,suff
accuracy,0.05,0.954741,0.952096
accuracy,0.075,0.952611,0.959081
accuracy,0.1,0.951309,0.961725
accuracy,0.15,0.95196,0.964763
auc,0.05,0.453958,0.604021
auc,0.075,0.439264,0.608517
auc,0.1,0.427264,0.611742
auc,0.15,0.423259,0.615262
cross_entropy,0.05,0.195469,0.213504
cross_entropy,0.075,0.203252,0.203286
cross_entropy,0.1,0.20903,0.197135
cross_entropy,0.15,0.213752,0.186683
