metric,area,comp,suff
accuracy,0.05,0.987196,0.938858
accuracy,0.075,0.982205,0.940377
accuracy,0.1,0.979384,0.940594
accuracy,0.15,0.971137,0.945586
auc,0.05,0.606354,0.353505
auc,0.075,0.604204,0.369423
auc,0.1,0.60318,0.387147
auc,0.15,0.598022,0.421391
cross_entropy,0.05,0.114613,0.265416
cross_entropy,0.075,0.124104,0.261694
cross_entropy,0.1,0.133187,0.257725
cross_entropy,0.15,0.15563,0.244404
