metric,area,comp,suff
accuracy,0.05,0.810298,0.97522
accuracy,0.075,0.773068,0.981907
accuracy,0.1,0.751977,0.985026
accuracy,0.15,0.72252,0.991536
auc,0.05,0.197922,0.345531
auc,0.075,0.199028,0.345647
auc,0.1,0.20121,0.345871
auc,0.15,0.19954,0.346658
cross_entropy,0.05,0.427477,0.160531
cross_entropy,0.075,0.474205,0.133465
cross_entropy,0.1,0.503298,0.116313
cross_entropy,0.15,0.538123,0.09349
