metric,area,comp,suff
accuracy,0.05,0.894805,0.895849
accuracy,0.075,0.874365,0.881012
accuracy,0.1,0.860002,0.863611
accuracy,0.15,0.830544,0.840607
auc,0.05,0.567856,0.47032
auc,0.075,0.56528,0.47806
auc,0.1,0.558341,0.487058
auc,0.15,0.548912,0.490074
cross_entropy,0.05,0.264461,0.299189
cross_entropy,0.075,0.29579,0.317732
cross_entropy,0.1,0.322814,0.336056
cross_entropy,0.15,0.363737,0.366345
