metric,area,comp,suff
accuracy,0.05,0.945706,0.955785
accuracy,0.075,0.948013,0.961251
accuracy,0.1,0.950264,0.965157
accuracy,0.15,0.950698,0.966716
auc,0.05,0.408503,0.594906
auc,0.075,0.40154,0.597829
auc,0.1,0.394588,0.598223
auc,0.15,0.378876,0.603287
cross_entropy,0.05,0.223648,0.200164
cross_entropy,0.075,0.226666,0.192614
cross_entropy,0.1,0.228358,0.188458
cross_entropy,0.15,0.229956,0.182197
