metric,area,comp,suff
accuracy,0.05,0.953832,0.904393
accuracy,0.075,0.936471,0.883263
accuracy,0.1,0.917334,0.861738
accuracy,0.15,0.878151,0.833309
auc,0.05,0.59978,0.421844
auc,0.075,0.597139,0.437955
auc,0.1,0.59514,0.45242
auc,0.15,0.584875,0.485649
cross_entropy,0.05,0.158672,0.293101
cross_entropy,0.075,0.188159,0.309439
cross_entropy,0.1,0.217922,0.327845
cross_entropy,0.15,0.272635,0.361369
