metric,area,comp,suff
accuracy,0.05,0.860653,0.784537
accuracy,0.075,0.779723,0.708084
accuracy,0.1,0.708341,0.647377
accuracy,0.15,0.61644,0.571735
auc,0.05,0.59597,0.427396
auc,0.075,0.593102,0.441844
auc,0.1,0.587662,0.451824
auc,0.15,0.584141,0.486143
cross_entropy,0.05,0.297905,0.411982
cross_entropy,0.075,0.397025,0.497226
cross_entropy,0.1,0.484095,0.580385
cross_entropy,0.15,0.62045,0.73801
