metric,area,comp,suff
accuracy,0.05,0.906917,0.97678
accuracy,0.075,0.907568,0.979995
accuracy,0.1,0.905615,0.983073
accuracy,0.15,0.906797,0.986071
auc,0.05,0.400571,0.595161
auc,0.075,0.391772,0.598722
auc,0.1,0.393215,0.603498
auc,0.15,0.382803,0.605675
cross_entropy,0.05,0.296404,0.138934
cross_entropy,0.075,0.302631,0.124585
cross_entropy,0.1,0.306148,0.114532
cross_entropy,0.15,0.308844,0.101742
