metric,area,comp,suff
accuracy,0.05,0.809872,0.973267
accuracy,0.075,0.774852,0.97739
accuracy,0.1,0.753681,0.984118
accuracy,0.15,0.726394,0.990845
auc,0.05,0.186087,0.304557
auc,0.075,0.184365,0.304948
auc,0.1,0.185292,0.305108
auc,0.15,0.184937,0.305332
cross_entropy,0.05,0.432393,0.16052
cross_entropy,0.075,0.478886,0.133891
cross_entropy,0.1,0.509038,0.115274
cross_entropy,0.15,0.543084,0.093056
