metric,area,comp,suff
accuracy,0.05,0.855718,0.969401
accuracy,0.075,0.833325,0.970052
accuracy,0.1,0.815273,0.974175
accuracy,0.15,0.785639,0.978299
auc,0.05,0.187153,0.290184
auc,0.075,0.187478,0.290524
auc,0.1,0.189291,0.290293
auc,0.15,0.182352,0.289968
cross_entropy,0.05,0.356813,0.202779
cross_entropy,0.075,0.388979,0.185937
cross_entropy,0.1,0.417262,0.170693
cross_entropy,0.15,0.458202,0.15038
