metric,area,comp,suff
accuracy,0.05,0.921851,0.975847
accuracy,0.075,0.922936,0.976321
accuracy,0.1,0.922068,0.976362
accuracy,0.15,0.92116,0.980605
auc,0.05,0.398458,0.600895
auc,0.075,0.390421,0.604039
auc,0.1,0.38708,0.606569
auc,0.15,0.372635,0.612412
cross_entropy,0.05,0.26896,0.152359
cross_entropy,0.075,0.272633,0.148182
cross_entropy,0.1,0.27456,0.145785
cross_entropy,0.15,0.279047,0.138589
