metric,area,comp,suff
accuracy,0.05,0.958824,0.954781
accuracy,0.075,0.953221,0.961155
accuracy,0.1,0.950874,0.965929
accuracy,0.15,0.943199,0.97309
auc,0.05,0.469233,0.640423
auc,0.075,0.448521,0.647402
auc,0.1,0.444301,0.653177
auc,0.15,0.43182,0.663369
cross_entropy,0.05,0.198456,0.212193
cross_entropy,0.075,0.214375,0.194747
cross_entropy,0.1,0.220335,0.18344
cross_entropy,0.15,0.23599,0.164231
