metric,area,comp,suff
accuracy,0.05,0.976088,0.878963
accuracy,0.075,0.956179,0.898277
accuracy,0.1,0.934004,0.907906
accuracy,0.15,0.920726,0.929173
auc,0.05,0.240647,0.313908
auc,0.075,0.216648,0.322334
auc,0.1,0.208408,0.328846
auc,0.15,0.19537,0.330074
cross_entropy,0.05,0.164907,0.358874
cross_entropy,0.075,0.205352,0.329588
cross_entropy,0.1,0.237624,0.310908
cross_entropy,0.15,0.277083,0.279113
