metric,area,comp,suff
accuracy,0.05,0.922188,0.972142
accuracy,0.075,0.919407,0.972576
accuracy,0.1,0.919842,0.976699
accuracy,0.15,0.917848,0.978218
auc,0.05,0.401815,0.540739
auc,0.075,0.390219,0.543117
auc,0.1,0.378815,0.54677
auc,0.15,0.370723,0.549784
cross_entropy,0.05,0.269439,0.155875
cross_entropy,0.075,0.273666,0.14825
cross_entropy,0.1,0.277316,0.143
cross_entropy,0.15,0.280813,0.136226
