metric,area,comp,suff
mae,0.05,7.269491,18.458544
mae,0.075,8.666652,17.637261
mae,0.1,9.472658,17.123815
mae,0.15,10.875704,15.988126
mse,0.05,5.039579,22.128872
mse,0.075,6.558966,20.330318
mse,0.1,7.520875,19.253813
mse,0.15,9.316374,16.957231
