metric,area,comp,suff
mae,0.05,2.467538,20.774871
mae,0.075,3.272888,20.42102
mae,0.1,3.962309,20.18908
mae,0.15,5.323422,19.578291
mse,0.05,0.581451,27.784656
mse,0.075,0.930083,26.918596
mse,0.1,1.304656,26.357047
mse,0.15,2.288873,24.967058
