metric,area,comp,suff
mae,0.05,5.300047,19.896914
mae,0.075,6.561011,19.451759
mae,0.1,7.295106,19.192199
mae,0.15,8.605416,18.583223
mse,0.05,2.766267,25.392953
mse,0.075,3.899211,24.296137
mse,0.1,4.641308,23.654603
mse,0.15,6.07368,22.237985
