metric,area,comp,suff
mae,0.05,8.549025,17.380771
mae,0.075,10.171597,16.538022
mae,0.1,11.081352,15.962003
mae,0.15,12.51205,14.77001
mse,0.05,6.670604,19.622357
mse,0.075,8.585042,17.884084
mse,0.1,9.785732,16.754853
mse,0.15,11.793965,14.496248
