metric,area,comp,suff
mae,0.05,4.910927,20.30164
mae,0.075,6.297086,20.059141
mae,0.1,7.234574,19.945259
mae,0.15,8.799681,19.555596
mse,0.05,2.465977,26.402627
mse,0.075,3.591352,25.829751
mse,0.1,4.463924,25.546435
mse,0.15,6.194172,24.659708
