metric,area,comp,suff
mae,0.05,7.165591,21.030673
mae,0.075,9.28518,21.169908
mae,0.1,10.38203,21.210015
mae,0.15,12.379629,21.130605
mse,0.05,3.986793,27.601742
mse,0.075,6.207396,27.874632
mse,0.1,7.62068,27.949271
mse,0.15,10.534044,27.745388
