metric,area,comp,suff
mae,0.05,11.453644,15.962746
mae,0.075,12.774659,14.676523
mae,0.1,13.426838,13.851595
mae,0.15,14.615252,12.134065
mse,0.05,10.295435,16.819048
mse,0.075,12.140581,14.384554
mse,0.1,13.117233,12.92115
mse,0.15,15.061074,10.104233
