metric,area,comp,suff
mae,0.05,10.93493,16.006562
mae,0.075,12.2653,14.785858
mae,0.1,12.976565,13.982823
mae,0.15,14.233753,12.406896
mse,0.05,9.700076,16.893973
mse,0.075,11.481942,14.576289
mse,0.1,12.510167,13.152052
mse,0.15,14.472045,10.516495
