metric,area,comp,suff
mae,0.05,10.36488,16.171133
mae,0.075,11.842269,14.999874
mae,0.1,12.638017,14.247195
mae,0.15,14.071949,12.702722
mse,0.05,8.921713,17.258651
mse,0.075,10.876694,14.989901
mse,0.1,12.027811,13.609434
mse,0.15,14.30034,10.977618
