metric,area,comp,suff
mae,0.05,7.367106,17.902902
mae,0.075,8.31007,17.448574
mae,0.1,8.96603,17.136859
mae,0.15,10.122271,16.376592
mse,0.05,4.960487,20.822525
mse,0.075,5.944243,19.845754
mse,0.1,6.684772,19.191882
mse,0.15,8.067346,17.653249
