metric,area,comp,suff
mae,0.05,11.407981,15.970758
mae,0.075,12.672436,14.702799
mae,0.1,13.311373,13.916468
mae,0.15,14.552669,12.285007
mse,0.05,10.310544,16.865533
mse,0.075,12.065501,14.451163
mse,0.1,13.009563,13.040032
mse,0.15,15.04773,10.319528
