metric,area,comp,suff
mae,0.05,6.6498,19.788609
mae,0.075,8.258162,18.11665
mae,0.1,9.006011,17.24913
mae,0.15,10.397181,15.560373
mse,0.05,4.017746,22.566991
mse,0.075,5.597027,19.037014
mse,0.1,6.420999,17.330692
mse,0.15,8.066573,14.2413
