metric,area,comp,suff
mae,0.05,6.6409,19.857746
mae,0.075,8.215041,18.20874
mae,0.1,8.959521,17.337787
mae,0.15,10.33796,15.672581
mse,0.05,4.061646,22.773689
mse,0.075,5.602362,19.271881
mse,0.1,6.416712,17.54094
mse,0.15,8.023877,14.486139
