metric,area,comp,suff
mae,0.05,6.66689,19.81412
mae,0.075,8.247795,18.159407
mae,0.1,8.999715,17.273307
mae,0.15,10.380696,15.596954
mse,0.05,4.050742,22.64873
mse,0.075,5.609651,19.143123
mse,0.1,6.436631,17.39086
mse,0.15,8.06486,14.321913
