metric,area,comp,suff
mae,0.05,3.298819,22.012683
mae,0.075,4.295644,21.206344
mae,0.1,4.764998,20.761412
mae,0.15,5.741083,19.803362
mse,0.05,1.158902,28.140634
mse,0.075,1.738669,26.3201
mse,0.1,2.029913,25.349761
mse,0.15,2.6959,23.334718
