metric,area,comp,suff
mae,0.05,5.679836,20.244539
mae,0.075,6.922866,19.150907
mae,0.1,7.48936,18.603863
mae,0.15,8.59031,17.498942
mse,0.05,3.142753,23.655268
mse,0.075,4.285943,21.314217
mse,0.1,4.837983,20.208769
mse,0.15,5.980334,18.099309
