metric,area,comp,suff
mae,0.05,8.485664,17.784463
mae,0.075,10.249892,15.69097
mae,0.1,11.182837,14.579966
mae,0.15,13.034296,12.406074
mse,0.05,5.805711,18.267804
mse,0.075,7.88419,14.304469
mse,0.1,9.087422,12.39963
mse,0.15,11.663042,9.101268
