metric,area,comp,suff
mae,0.05,5.65284,20.279533
mae,0.075,6.898067,19.196221
mae,0.1,7.46528,18.649719
mae,0.15,8.564406,17.540722
mse,0.05,3.110481,23.735509
mse,0.075,4.235466,21.425897
mse,0.1,4.783004,20.32723
mse,0.15,5.928853,18.207884
