metric,area,comp,suff
mae,0.05,7.696338,18.667008
mae,0.075,9.561867,16.62482
mae,0.1,10.527879,15.539215
mae,0.15,12.382731,13.442609
mse,0.05,5.096415,19.995474
mse,0.075,7.174167,15.92675
mse,0.1,8.372887,13.953018
mse,0.15,10.877551,10.531901
