metric,area,comp,suff
mae,0.05,6.660119,19.520562
mae,0.075,8.138457,18.325685
mae,0.1,8.819341,17.744736
mae,0.15,10.186327,16.599402
mse,0.05,4.029727,21.93996
mse,0.075,5.564537,19.554257
mse,0.1,6.336228,18.479721
mse,0.15,8.017224,16.530762
