metric,area,comp,suff
mae,0.05,7.416198,19.061376
mae,0.075,8.974169,17.959869
mae,0.1,9.756188,17.416918
mae,0.15,11.356821,16.382401
mse,0.05,4.671214,21.105195
mse,0.075,6.392885,19.043811
mse,0.1,7.338134,18.122776
mse,0.15,9.470011,16.505231
