metric,area,comp,suff
mae,0.05,8.406386,17.795987
mae,0.075,10.123704,15.717957
mae,0.1,11.045588,14.60135
mae,0.15,12.904562,12.398398
mse,0.05,5.732277,18.292234
mse,0.075,7.703265,14.357679
mse,0.1,8.846232,12.439942
mse,0.15,11.372191,9.088167
