metric,area,comp,suff
mae,0.05,8.406411,17.795987
mae,0.075,10.123644,15.717845
mae,0.1,11.045615,14.601372
mae,0.15,12.9046,12.398364
mse,0.05,5.73229,18.292234
mse,0.075,7.70322,14.357499
mse,0.1,8.846275,12.439996
mse,0.15,11.372217,9.088047
