metric,area,comp,suff
mae,0.05,8.406386,17.796012
mae,0.075,10.123739,15.717966
mae,0.1,11.045604,14.601427
mae,0.15,12.904588,12.398371
mse,0.05,5.732277,18.292281
mse,0.075,7.703329,14.357698
mse,0.1,8.846256,12.440049
mse,0.15,11.372242,9.088051
