metric,area,comp,suff
mae,0.05,8.547333,17.939991
mae,0.075,10.307484,15.812935
mae,0.1,11.260754,14.683565
mae,0.15,13.17975,12.464215
mse,0.05,5.955274,18.590837
mse,0.075,8.03146,14.531522
mse,0.1,9.24872,12.58755
mse,0.15,11.90868,9.208173
