metric,area,comp,suff
mae,0.05,8.539958,17.827633
mae,0.075,10.280136,15.730874
mae,0.1,11.192915,14.618687
mae,0.15,13.063341,12.424394
mse,0.05,5.947145,18.421327
mse,0.075,7.991028,14.418565
mse,0.1,9.157399,12.500892
mse,0.15,11.757844,9.140668
