metric,area,comp,suff
mae,0.05,8.513169,17.809294
mae,0.075,10.267391,15.695161
mae,0.1,11.215572,14.575211
mae,0.15,13.10051,12.375973
mse,0.05,5.877332,18.348673
mse,0.075,7.926607,14.339577
mse,0.1,9.13895,12.426244
mse,0.15,11.754407,9.077295
