metric,area,comp,suff
mae,0.05,8.451109,17.883267
mae,0.075,10.197816,15.772324
mae,0.1,11.123993,14.646245
mae,0.15,13.013149,12.427148
mse,0.05,5.761525,18.477878
mse,0.075,7.780551,14.474336
mse,0.1,8.958187,12.534435
mse,0.15,11.552943,9.146072
