metric,area,comp,suff
mae,0.05,1.21976,12.840523
mae,0.075,1.666338,10.91362
mae,0.1,2.049189,9.9004
mae,0.15,2.944664,7.818171
mse,0.05,0.137243,10.723671
mse,0.075,0.230076,7.723635
mse,0.1,0.316077,6.380436
mse,0.15,0.594465,3.971573
