metric,area,comp,suff
mae,0.05,5.490773,21.532861
mae,0.075,5.885956,21.00334
mae,0.1,6.12753,20.639724
mae,0.15,6.80699,19.65517
mse,0.05,3.755803,26.576415
mse,0.075,4.044777,25.370869
mse,0.1,4.215105,24.556759
mse,0.15,4.693815,22.39495
