metric,area,comp,suff
mae,0.05,5.524991,21.515265
mae,0.075,5.951403,20.983184
mae,0.1,6.196292,20.631287
mae,0.15,6.859964,19.683695
mse,0.05,3.893181,26.484857
mse,0.075,4.207411,25.287433
mse,0.1,4.378857,24.5085
mse,0.15,4.841396,22.460934
