metric,area,comp,suff
mae,0.05,5.562258,21.582752
mae,0.075,5.983265,21.049669
mae,0.1,6.230866,20.681998
mae,0.15,6.902529,19.695513
mse,0.05,3.856488,26.58687
mse,0.075,4.172787,25.38498
mse,0.1,4.350937,24.56626
mse,0.15,4.830465,22.427587
