metric,area,comp,suff
mae,0.05,8.549355,17.839029
mae,0.075,10.323431,15.733019
mae,0.1,11.250818,14.612795
mae,0.15,13.109431,12.426882
mse,0.05,5.876227,18.408572
mse,0.075,7.955968,14.399591
mse,0.1,9.138729,12.469574
mse,0.15,11.701063,9.13835
