metric,area,comp,suff
mae,0.05,8.492215,17.800671
mae,0.075,10.239905,15.690887
mae,0.1,11.153831,14.583786
mae,0.15,12.989874,12.402735
mse,0.05,5.811707,18.332645
mse,0.075,7.856618,14.327482
mse,0.1,9.021465,12.433318
mse,0.15,11.540873,9.118272
