metric,area,comp,suff
accuracy,0.05,0.982639,0.987413
accuracy,0.075,0.982639,0.990885
accuracy,0.1,0.982639,0.992188
accuracy,0.15,0.982639,0.99349
auc,0.05,0.409767,0.437015
auc,0.075,0.391673,0.4431
auc,0.1,0.360282,0.443548
auc,0.15,0.305078,0.443548
cross_entropy,0.05,0.1006,0.097035
cross_entropy,0.075,0.105383,0.097563
cross_entropy,0.1,0.10884,0.09925
cross_entropy,0.15,0.113608,0.103474
