metric,area,comp,suff
mae,0.05,8.584871,15.192534
mae,0.075,9.772559,14.519642
mae,0.1,10.356369,14.121573
mae,0.15,11.446828,13.247696
mse,0.05,7.258089,15.1684
mse,0.075,8.423611,13.903721
mse,0.1,9.082071,13.185858
mse,0.15,10.436333,11.690549
