metric,area,comp,suff
mae,0.05,8.587844,15.194607
mae,0.075,9.779113,14.521409
mae,0.1,10.36855,14.122817
mae,0.15,11.454252,13.242613
mse,0.05,7.261437,15.170813
mse,0.075,8.434021,13.909637
mse,0.1,9.096149,13.185677
mse,0.15,10.448884,11.684013
