metric,area,comp,suff
mae,0.05,8.58194,15.289391
mae,0.075,9.761281,14.618701
mae,0.1,10.323874,14.229699
mae,0.15,11.324246,13.366049
mse,0.05,7.299302,15.297415
mse,0.075,8.426522,14.027807
mse,0.1,9.041859,13.313031
mse,0.15,10.237815,11.823761
