metric,area,comp,suff
mae,0.05,2.461877,17.392609
mae,0.075,3.571205,17.078338
mae,0.1,4.223922,16.884672
mae,0.15,5.698224,16.37897
mse,0.05,0.632381,19.743484
mse,0.075,1.189168,19.107334
mse,0.1,1.596755,18.723009
mse,0.15,2.726356,17.751966
