metric,area,comp,suff
mae,0.05,6.122348,16.712561
mae,0.075,7.531953,16.244284
mae,0.1,8.23219,15.964835
mae,0.15,9.454025,15.376668
mse,0.05,3.886305,17.984654
mse,0.075,5.147311,17.068023
mse,0.1,5.888213,16.524279
mse,0.15,7.323257,15.429293
