metric,area,comp,suff
mae,0.05,6.191204,16.610975
mae,0.075,7.642951,16.155228
mae,0.1,8.358639,15.884794
mae,0.15,9.650654,15.302003
mse,0.05,3.988762,17.774881
mse,0.075,5.325428,16.853462
mse,0.1,6.094834,16.333035
mse,0.15,7.648275,15.240353
