metric,area,comp,suff
mae,0.05,9.562654,14.62292
mae,0.075,10.751166,13.890434
mae,0.1,11.327702,13.463838
mae,0.15,12.324916,12.524888
mse,0.05,8.23229,13.988618
mse,0.075,9.467977,12.704198
mse,0.1,10.152148,12.007252
mse,0.15,11.470588,10.558351
