metric,area,comp,suff
mae,0.05,9.562679,14.62292
mae,0.075,10.751152,13.890434
mae,0.1,11.327704,13.463825
mae,0.15,12.324983,12.524904
mse,0.05,8.232304,13.988618
mse,0.075,9.467965,12.704198
mse,0.1,10.152148,12.007225
mse,0.15,11.470647,10.558358
