metric,area,comp,suff
mae,0.05,9.562642,14.622901
mae,0.075,10.751171,13.890406
mae,0.1,11.327696,13.463802
mae,0.15,12.325086,12.524917
mse,0.05,8.232283,13.988547
mse,0.075,9.467975,12.70413
mse,0.1,10.152155,12.00724
mse,0.15,11.470957,10.558395
