metric,area,comp,suff
mae,0.05,6.663355,16.24308
mae,0.075,8.644165,15.687889
mae,0.1,9.557915,15.377136
mae,0.15,11.172369,14.746243
mse,0.05,4.346481,16.907187
mse,0.075,6.421298,15.804431
mse,0.1,7.52151,15.216291
mse,0.15,9.740646,14.055825
