metric,area,comp,suff
mae,0.05,9.31107,16.050758
mae,0.075,11.744099,15.562939
mae,0.1,12.810125,15.340814
mae,0.15,14.503866,14.916004
mse,0.05,6.93062,16.30493
mse,0.075,10.208521,15.377084
mse,0.1,11.904227,14.987389
mse,0.15,14.915679,14.291931
