metric,area,comp,suff
mae,0.05,11.472906,13.873898
mae,0.075,12.561418,12.815569
mae,0.1,13.06398,12.215248
mae,0.15,13.912068,10.892535
mse,0.05,10.477802,12.840349
mse,0.075,11.849657,11.078218
mse,0.1,12.544979,10.141176
mse,0.15,13.81582,8.219068
