metric,area,comp,suff
mae,0.05,11.460984,13.875332
mae,0.075,12.552866,12.816042
mae,0.1,13.050596,12.21806
mae,0.15,13.899057,10.891838
mse,0.05,10.456992,12.837046
mse,0.075,11.829876,11.08045
mse,0.1,12.521129,10.146294
mse,0.15,13.782913,8.220081
