metric,area,comp,suff
mae,0.05,11.326468,13.906808
mae,0.075,12.390277,12.873115
mae,0.1,12.903718,12.264659
mae,0.15,13.814614,10.947342
mse,0.05,10.327721,12.866634
mse,0.075,11.639803,11.166728
mse,0.1,12.329796,10.218591
mse,0.15,13.655448,8.303755
