metric,area,comp,suff
mae,0.05,11.391844,13.825413
mae,0.075,12.498898,12.76734
mae,0.1,13.027068,12.162022
mae,0.15,13.934656,10.827315
mse,0.05,10.191805,12.732491
mse,0.075,11.580584,10.985079
mse,0.1,12.314458,10.037551
mse,0.15,13.682392,8.109733
