metric,area,comp,suff
mae,0.05,7.440963,12.136475
mae,0.075,9.150557,11.143163
mae,0.1,10.135097,10.735856
mae,0.15,12.316476,10.177907
mse,0.05,4.973859,10.449289
mse,0.075,6.607596,8.915553
mse,0.1,7.777154,8.283947
mse,0.15,10.779234,7.459074
