metric,area,comp,suff
mae,0.05,9.136078,15.443433
mae,0.075,9.675344,15.192031
mae,0.1,9.958702,15.019975
mae,0.15,10.58696,14.592431
mse,0.05,8.062157,15.628346
mse,0.075,8.500803,15.181487
mse,0.1,8.731523,14.884678
mse,0.15,9.298629,14.158572
