metric,area,comp,suff
mae,0.05,9.122712,15.343817
mae,0.075,9.678236,15.089887
mae,0.1,9.952645,14.926805
mae,0.15,10.535377,14.513143
mse,0.05,8.158253,15.451762
mse,0.075,8.601032,14.998312
mse,0.1,8.81824,14.711649
mse,0.15,9.315614,14.009959
