metric,area,comp,suff
mae,0.05,11.496932,13.756279
mae,0.075,12.535421,12.701214
mae,0.1,13.014925,12.099171
mae,0.15,13.854223,10.777979
mse,0.05,10.495733,12.600987
mse,0.075,11.781886,10.886443
mse,0.1,12.440685,9.972636
mse,0.15,13.650195,8.095723
