metric,area,comp,suff
accuracy,0.05,0.98546,0.983644
accuracy,0.075,0.980903,0.982776
accuracy,0.1,0.977431,0.982124
accuracy,0.15,0.972005,0.984335
auc,0.05,0.365013,0.330254
auc,0.075,0.345139,0.350211
auc,0.1,0.32447,0.363359
auc,0.15,0.312377,0.366021
cross_entropy,0.05,0.116833,0.110497
cross_entropy,0.075,0.126825,0.106867
cross_entropy,0.1,0.135963,0.104066
cross_entropy,0.15,0.147317,0.10093
