metric,area,comp,suff
mae,0.05,9.749049,24.492638
mae,0.075,10.480368,24.375869
mae,0.1,12.25371,22.241705
mae,0.15,13.770963,20.240315
mse,0.05,7.462077,36.353224
mse,0.075,8.338794,36.053554
mse,0.1,10.932342,30.626994
mse,0.15,13.411535,25.880203
