metric,area,comp,suff
mae,0.05,9.071839,14.686572
mae,0.075,10.220894,13.994066
mae,0.1,10.767101,13.590331
mae,0.15,11.747848,12.684298
mse,0.05,7.883285,14.268269
mse,0.075,9.045201,13.005499
mse,0.1,9.674252,12.293058
mse,0.15,10.905167,10.781541
