metric,area,comp,suff
mae,0.05,9.128483,14.675069
mae,0.075,10.25112,13.998689
mae,0.1,10.780362,13.603122
mae,0.15,11.750389,12.707752
mse,0.05,7.995708,14.256
mse,0.075,9.13172,13.018113
mse,0.1,9.74258,12.328994
mse,0.15,10.965115,10.829268
