metric,area,comp,suff
mae,0.05,2.256642,17.110808
mae,0.075,3.317282,16.776102
mae,0.1,3.939697,16.580527
mae,0.15,5.356285,16.04983
mse,0.05,0.527823,19.019693
mse,0.075,1.031164,18.342259
mse,0.1,1.393113,17.964674
mse,0.15,2.427392,16.952099
