metric,area,comp,suff
mae,0.05,9.752676,14.146807
mae,0.075,10.801901,13.357805
mae,0.1,11.357537,12.889045
mae,0.15,12.346163,11.88008
mse,0.05,8.43541,13.133806
mse,0.075,9.516445,11.786405
mse,0.1,10.189062,11.026617
mse,0.15,11.480298,9.514716
