metric,area,comp,suff
mae,0.05,6.175631,16.097801
mae,0.075,7.592598,15.629328
mae,0.1,8.301452,15.362516
mae,0.15,9.611744,14.758599
mse,0.05,4.104165,16.882984
mse,0.075,5.364837,15.931523
mse,0.1,6.103716,15.410588
mse,0.15,7.664706,14.311728
