metric,area,comp,suff
mae,0.05,11.469692,13.192852
mae,0.075,12.49807,12.164062
mae,0.1,12.969596,11.552916
mae,0.15,13.835449,10.21566
mse,0.05,10.355223,11.601911
mse,0.075,11.658396,9.975028
mse,0.1,12.295767,9.060369
mse,0.15,13.51593,7.222943
