metric,area,comp,suff
mae,0.05,7.32871,15.734147
mae,0.075,9.032901,15.167321
mae,0.1,9.850879,14.844312
mae,0.15,11.298971,14.200181
mse,0.05,5.445351,16.129245
mse,0.075,7.090724,14.988316
mse,0.1,8.039492,14.378054
mse,0.15,9.958279,13.221116
