metric,area,comp,suff
mae,0.05,9.660241,15.30907
mae,0.075,11.560649,14.835466
mae,0.1,12.445864,14.610722
mae,0.15,13.964339,14.276886
mse,0.05,7.622061,15.134185
mse,0.075,9.999945,14.233003
mse,0.1,11.330735,13.833018
mse,0.15,13.902775,13.277922
