metric,area,comp,suff
mae,0.05,11.826331,13.227674
mae,0.075,12.833342,12.172903
mae,0.1,13.293232,11.551038
mae,0.15,14.117291,10.216406
mse,0.05,10.860624,11.664074
mse,0.075,12.168637,9.999904
mse,0.1,12.82692,9.081302
mse,0.15,14.06546,7.243913
