metric,area,comp,suff
mae,0.05,11.826331,13.227674
mae,0.075,12.833433,12.173008
mae,0.1,13.293248,11.551044
mae,0.15,14.117319,10.216368
mse,0.05,10.860624,11.664074
mse,0.075,12.168786,10.000123
mse,0.1,12.826944,9.081307
mse,0.15,14.065497,7.243832
