metric,area,comp,suff
mae,0.05,11.754736,13.166355
mae,0.075,12.77871,12.124045
mae,0.1,13.253697,11.522231
mae,0.15,14.094251,10.224909
mse,0.05,10.781842,11.627535
mse,0.075,12.110336,9.961487
mse,0.1,12.771365,9.067485
mse,0.15,14.030198,7.275646
