metric,area,comp,suff
mae,0.05,11.530778,13.295473
mae,0.075,12.534286,12.280792
mae,0.1,12.987491,11.698214
mae,0.15,13.80233,10.375266
mse,0.05,10.503398,11.827613
mse,0.075,11.768562,10.217464
mse,0.1,12.39748,9.34167
mse,0.15,13.559872,7.494851
