metric,area,comp,suff
mae,0.05,11.636992,13.346699
mae,0.075,12.65056,12.282847
mae,0.1,13.127596,11.667252
mae,0.15,13.984308,10.363118
mse,0.05,10.713494,11.873154
mse,0.075,12.026812,10.16189
mse,0.1,12.701364,9.237595
mse,0.15,13.946069,7.427881
