metric,area,comp,suff
mae,0.05,9.601491,14.718182
mae,0.075,10.094426,14.476804
mae,0.1,10.35069,14.311485
mae,0.15,10.909122,13.896229
mse,0.05,8.673102,14.415272
mse,0.075,9.071454,13.998525
mse,0.1,9.271032,13.723405
mse,0.15,9.748894,13.032801
