metric,area,comp,suff
mae,0.05,9.389535,14.6931
mae,0.075,9.883783,14.439502
mae,0.1,10.144409,14.27977
mae,0.15,10.726017,13.859013
mse,0.05,8.60218,14.273502
mse,0.075,8.978779,13.839155
mse,0.1,9.188677,13.571677
mse,0.15,9.681016,12.881378
