metric,area,comp,suff
mae,0.05,11.456143,13.177442
mae,0.075,12.480164,12.150524
mae,0.1,12.96742,11.558084
mae,0.15,13.84421,10.258991
mse,0.05,10.30521,11.618188
mse,0.075,11.619542,9.983974
mse,0.1,12.294303,9.096693
mse,0.15,13.595393,7.299141
