metric,area,comp,suff
mae,0.05,8.57871,14.727462
mae,0.075,9.782558,14.073855
mae,0.1,10.364251,13.687967
mae,0.15,11.436721,12.858358
mse,0.05,7.255868,14.362214
mse,0.075,8.407123,13.135372
mse,0.1,9.047955,12.447732
mse,0.15,10.352022,11.058188
