metric,area,comp,suff
mae,0.05,8.570996,14.740226
mae,0.075,9.775952,14.08143
mae,0.1,10.354258,13.698195
mae,0.15,11.428211,12.863166
mse,0.05,7.240454,14.380923
mse,0.075,8.395238,13.14443
mse,0.1,9.024673,12.460117
mse,0.15,10.338386,11.059612
