metric,area,comp,suff
mae,0.05,2.369146,17.157924
mae,0.075,3.475771,16.8292
mae,0.1,4.14692,16.60469
mae,0.15,5.620214,16.090737
mse,0.05,0.618185,19.229609
mse,0.075,1.189886,18.579442
mse,0.1,1.628973,18.134099
mse,0.15,2.768779,17.151546
