metric,area,comp,suff
mae,0.05,5.998285,16.034449
mae,0.075,7.398495,15.575117
mae,0.1,8.086438,15.30142
mae,0.15,9.387087,14.690786
mse,0.05,3.864765,16.550823
mse,0.075,5.109701,15.646522
mse,0.1,5.818325,15.128632
mse,0.15,7.340253,14.02224
