metric,area,comp,suff
mae,0.05,11.086145,13.625462
mae,0.075,12.22566,12.640356
mae,0.1,12.740047,12.059482
mae,0.15,13.642643,10.744026
mse,0.05,9.826073,12.467411
mse,0.075,11.207723,10.871955
mse,0.1,11.894686,9.983622
mse,0.15,13.199314,8.096828
