metric,area,comp,suff
mae,0.05,9.383803,14.430254
mae,0.075,10.580457,13.720206
mae,0.1,11.17587,13.303952
mae,0.15,12.222506,12.351118
mse,0.05,8.041722,13.756932
mse,0.075,9.247599,12.530743
mse,0.1,9.954608,11.853468
mse,0.15,11.305553,10.389369
