metric,area,comp,suff
mae,0.05,6.51865,15.887854
mae,0.075,8.446771,15.31782
mae,0.1,9.364551,14.995452
mae,0.15,10.960534,14.320936
mse,0.05,4.370114,16.409418
mse,0.075,6.282917,15.237753
mse,0.1,7.354256,14.611378
mse,0.15,9.481689,13.391907
