metric,area,comp,suff
mae,0.05,9.033591,15.534805
mae,0.075,11.4322,15.00707
mae,0.1,12.464283,14.743119
mae,0.15,14.116279,14.322454
mse,0.05,6.645263,15.386104
mse,0.075,9.80935,14.370398
mse,0.1,11.404291,13.896812
mse,0.15,14.256973,13.208811
