metric,area,comp,suff
mae,0.05,11.03247,13.631029
mae,0.075,12.19821,12.625613
mae,0.1,12.728696,12.024678
mae,0.15,13.656358,10.711084
mse,0.05,9.810014,12.501927
mse,0.075,11.21184,10.855912
mse,0.1,11.906433,9.934119
mse,0.15,13.227493,8.058084
