metric,area,comp,suff
mae,0.05,11.05647,13.630504
mae,0.075,12.2224,12.620665
mae,0.1,12.751848,12.021578
mae,0.15,13.676247,10.706481
mse,0.05,9.85893,12.504386
mse,0.075,11.255236,10.853785
mse,0.1,11.948891,9.935051
mse,0.15,13.27152,8.064846
