metric,area,comp,suff
mae,0.05,10.97026,13.549273
mae,0.075,12.132986,12.563924
mae,0.1,12.639721,11.985653
mae,0.15,13.533218,10.709745
mse,0.05,9.698299,12.407964
mse,0.075,11.09065,10.79659
mse,0.1,11.761404,9.908329
mse,0.15,13.056372,8.080602
