metric,area,comp,suff
mae,0.05,11.132303,13.560012
mae,0.075,12.260902,12.558936
mae,0.1,12.781476,11.967445
mae,0.15,13.674756,10.675049
mse,0.05,9.869204,12.392437
mse,0.075,11.233905,10.760228
mse,0.1,11.92681,9.856446
mse,0.15,13.225593,8.022683
