metric,area,comp,suff
mae,0.05,8.858708,14.863584
mae,0.075,9.385247,14.624983
mae,0.1,9.663432,14.471353
mae,0.15,10.270551,14.069468
mse,0.05,7.962273,14.757749
mse,0.075,8.365492,14.352916
mse,0.1,8.589015,14.095617
mse,0.15,9.094705,13.430661
