metric,area,comp,suff
mae,0.05,8.826996,14.957247
mae,0.075,9.340763,14.722871
mae,0.1,9.627205,14.569279
mae,0.15,10.24756,14.166162
mse,0.05,7.783469,14.909058
mse,0.075,8.164688,14.501817
mse,0.1,8.39222,14.238268
mse,0.15,8.91364,13.569525
