metric,area,comp,suff
mae,0.05,11.352723,13.451737
mae,0.075,12.473493,12.445168
mae,0.1,12.986882,11.859329
mae,0.15,13.86405,10.557382
mse,0.05,10.353383,12.196738
mse,0.075,11.724655,10.580888
mse,0.1,12.432984,9.695756
mse,0.15,13.723887,7.843975
