metric,area,comp,suff
mae,0.05,7.802093,27.474757
mae,0.075,9.058772,26.858419
mae,0.1,10.104065,26.343989
mae,0.15,12.154315,25.012383
mse,0.05,6.451589,47.986412
mse,0.075,8.039422,46.049109
mse,0.1,9.513898,44.409378
mse,0.15,13.500101,40.275427
