metric,area,comp,suff
accuracy,0.05,0.980686,0.976997
accuracy,0.075,0.976562,0.978516
accuracy,0.1,0.970703,0.979167
accuracy,0.15,0.96871,0.982639
auc,0.05,0.52053,0.460419
auc,0.075,0.506838,0.480074
auc,0.1,0.498152,0.488563
auc,0.15,0.473015,0.508421
cross_entropy,0.05,0.133982,0.139402
cross_entropy,0.075,0.141843,0.13376
cross_entropy,0.1,0.149358,0.129614
cross_entropy,0.15,0.162863,0.12294
