index,S1,S1_conf
hour,-0.004068,0.010495
day_of_week,-0.001436,0.010442
