index,ST,ST_conf
hour,0.976974,0.028696
day_of_week,0.9963,0.027273
