metric,area,comp,suff
accuracy,0.05,0.974095,0.935603
accuracy,0.075,0.972359,0.935032
accuracy,0.1,0.969972,0.934341
accuracy,0.15,0.966499,0.937476
auc,0.05,0.685599,0.537416
auc,0.075,0.677501,0.571713
auc,0.1,0.673931,0.604473
auc,0.15,0.666791,0.644066
cross_entropy,0.05,0.104184,0.233819
cross_entropy,0.075,0.107136,0.228707
cross_entropy,0.1,0.107854,0.226241
cross_entropy,0.15,0.113213,0.215498
