metric,area,comp,suff
accuracy,0.05,0.982816,0.944935
accuracy,0.075,0.977607,0.943335
accuracy,0.1,0.973661,0.943118
accuracy,0.15,0.969972,0.943809
auc,0.05,0.698464,0.494451
auc,0.075,0.695204,0.524013
auc,0.1,0.691251,0.548042
auc,0.15,0.676585,0.578757
cross_entropy,0.05,0.102705,0.211893
cross_entropy,0.075,0.105466,0.207261
cross_entropy,0.1,0.108739,0.203823
cross_entropy,0.15,0.11599,0.199514
