metric,area,comp,suff
accuracy,0.05,0.920018,0.873537
accuracy,0.075,0.893896,0.829146
accuracy,0.1,0.862646,0.79018
accuracy,0.15,0.814469,0.732157
auc,0.05,0.695866,0.434617
auc,0.075,0.690916,0.466323
auc,0.1,0.683406,0.48717
auc,0.15,0.673335,0.503291
cross_entropy,0.05,0.189474,0.331991
cross_entropy,0.075,0.245355,0.390917
cross_entropy,0.1,0.301138,0.452791
cross_entropy,0.15,0.403173,0.561934
