metric,area,comp,suff
accuracy,0.05,0.967938,0.926746
accuracy,0.075,0.965768,0.936592
accuracy,0.1,0.965157,0.945192
accuracy,0.15,0.9649,0.949789
auc,0.05,0.643776,0.553723
auc,0.075,0.636447,0.578591
auc,0.1,0.625485,0.601278
auc,0.15,0.606528,0.628068
cross_entropy,0.05,0.100201,0.233076
cross_entropy,0.075,0.10592,0.217372
cross_entropy,0.1,0.113239,0.201701
cross_entropy,0.15,0.122535,0.182765
