metric,area,comp,suff
accuracy,0.05,0.856369,0.753641
accuracy,0.075,0.792527,0.689501
accuracy,0.1,0.740363,0.642546
accuracy,0.15,0.670718,0.592649
auc,0.05,0.718061,0.494073
auc,0.075,0.699385,0.501425
auc,0.1,0.67661,0.513191
auc,0.15,0.636062,0.516663
cross_entropy,0.05,0.312677,0.507664
cross_entropy,0.075,0.442865,0.647966
cross_entropy,0.1,0.565035,0.768764
cross_entropy,0.15,0.780356,0.965633
