metric,area,comp,suff
accuracy,0.05,0.509372,0.501302
accuracy,0.075,0.500691,0.5
accuracy,0.1,0.499783,0.5
accuracy,0.15,0.499783,0.499783
auc,0.05,0.778761,0.600971
auc,0.075,0.76785,0.6222
auc,0.1,0.755171,0.628474
auc,0.15,0.729728,0.638815
cross_entropy,0.05,1.315741,1.577073
cross_entropy,0.075,1.831663,2.0598
cross_entropy,0.1,2.213952,2.40498
cross_entropy,0.15,2.72373,2.856915
