metric,area,comp,suff
accuracy,0.05,0.944951,0.95683
accuracy,0.075,0.940908,0.962867
accuracy,0.1,0.939525,0.96703
accuracy,0.15,0.94004,0.972713
auc,0.05,0.685647,0.65229
auc,0.075,0.667095,0.698989
auc,0.1,0.655578,0.714762
auc,0.15,0.637073,0.730562
cross_entropy,0.05,0.185573,0.165152
cross_entropy,0.075,0.194688,0.145791
cross_entropy,0.1,0.198328,0.135317
cross_entropy,0.15,0.202959,0.122117
