metric,area,comp,suff
accuracy,0.05,0.951228,0.964546
accuracy,0.075,0.945546,0.966065
accuracy,0.1,0.938818,0.968276
accuracy,0.15,0.927791,0.971314
auc,0.05,0.621182,0.624826
auc,0.075,0.585191,0.644572
auc,0.1,0.554987,0.661512
auc,0.15,0.515991,0.674493
cross_entropy,0.05,0.174435,0.143759
cross_entropy,0.075,0.195084,0.133559
cross_entropy,0.1,0.210812,0.127225
cross_entropy,0.15,0.231866,0.120068
