metric,area,comp,suff
accuracy,0.05,0.981771,0.943102
accuracy,0.075,0.977431,0.944187
accuracy,0.1,0.973958,0.942925
accuracy,0.15,0.967882,0.943793
auc,0.05,0.729984,0.523737
auc,0.075,0.728834,0.541415
auc,0.1,0.723911,0.568677
auc,0.15,0.709297,0.608754
cross_entropy,0.05,0.105275,0.209306
cross_entropy,0.075,0.10778,0.203842
cross_entropy,0.1,0.110664,0.202267
cross_entropy,0.15,0.118585,0.194594
