metric,area,comp,suff
accuracy,0.05,0.956083,0.960423
accuracy,0.075,0.951309,0.959989
accuracy,0.1,0.946751,0.961508
accuracy,0.15,0.937596,0.967191
auc,0.05,0.662104,0.652527
auc,0.075,0.648721,0.67454
auc,0.1,0.631331,0.683145
auc,0.15,0.604818,0.693948
cross_entropy,0.05,0.159237,0.151946
cross_entropy,0.075,0.173319,0.142806
cross_entropy,0.1,0.185124,0.136781
cross_entropy,0.15,0.201078,0.126784
