metric,area,comp,suff
mae,0.05,19.372949,27.139431
mae,0.075,19.43544,29.346066
mae,0.1,18.837147,30.526812
mae,0.15,18.43244,31.70091
mse,0.05,23.826236,43.562816
mse,0.075,23.986228,49.01239
mse,0.1,22.679929,52.153937
mse,0.15,21.947108,55.443237
