metric,area,comp,suff
mae,0.05,19.343129,27.385441
mae,0.075,19.435549,29.374614
mae,0.1,18.880722,30.460206
mae,0.15,18.451024,31.691198
mse,0.05,23.79402,44.165752
mse,0.075,24.116671,49.058716
mse,0.1,22.852118,52.052375
mse,0.15,21.936886,55.582182
