metric,area,comp,suff
accuracy,0.05,0.996528,0.996528
accuracy,0.075,0.996745,0.996528
accuracy,0.1,0.996528,0.996528
accuracy,0.15,0.996528,0.996528
auc,0.05,0.110215,0.083781
auc,0.075,0.109095,0.08759
auc,0.1,0.109991,0.091622
auc,0.15,0.109543,0.096326
cross_entropy,0.05,0.056699,0.078447
cross_entropy,0.075,0.053865,0.084167
cross_entropy,0.1,0.052262,0.08798
cross_entropy,0.15,0.050076,0.094474
