metric,area,comp,suff
accuracy,0.05,0.990668,0.986979
accuracy,0.075,0.989583,0.986545
accuracy,0.1,0.989583,0.986979
accuracy,0.15,0.990234,0.987196
auc,0.05,0.359536,0.225045
auc,0.075,0.35684,0.268526
auc,0.1,0.353913,0.291906
auc,0.15,0.352244,0.323171
cross_entropy,0.05,0.091963,0.13069
cross_entropy,0.075,0.090612,0.130456
cross_entropy,0.1,0.090442,0.129737
cross_entropy,0.15,0.091135,0.127363
