metric,area,comp,suff
accuracy,0.05,0.989937,0.983644
accuracy,0.075,0.989503,0.98169
accuracy,0.1,0.987333,0.978001
accuracy,0.15,0.984037,0.96871
auc,0.05,0.37164,0.24149
auc,0.075,0.371416,0.260726
auc,0.1,0.370744,0.288694
auc,0.15,0.370296,0.319161
cross_entropy,0.05,0.107116,0.137753
cross_entropy,0.075,0.110326,0.147897
cross_entropy,0.1,0.113328,0.158084
cross_entropy,0.15,0.118839,0.1741
