metric,area,comp,suff
accuracy,0.05,0.996962,0.996528
accuracy,0.075,0.996962,0.996528
accuracy,0.1,0.996745,0.996528
accuracy,0.15,0.996528,0.996962
auc,0.05,0.095878,0.085984
auc,0.075,0.095878,0.086787
auc,0.1,0.095654,0.087366
auc,0.15,0.09543,0.095206
cross_entropy,0.05,0.063136,0.075874
cross_entropy,0.075,0.061411,0.078534
cross_entropy,0.1,0.060278,0.080261
cross_entropy,0.15,0.058985,0.082188
