metric,area,comp,suff
accuracy,0.05,0.991102,0.986979
accuracy,0.075,0.988715,0.987196
accuracy,0.1,0.987847,0.987413
accuracy,0.15,0.987767,0.987413
auc,0.05,0.33097,0.226624
auc,0.075,0.328144,0.265778
auc,0.1,0.326344,0.292253
auc,0.15,0.319833,0.313818
cross_entropy,0.05,0.091659,0.139077
cross_entropy,0.075,0.092457,0.13195
cross_entropy,0.1,0.094544,0.124126
cross_entropy,0.15,0.097438,0.114979
