metric,area,comp,suff
accuracy,0.05,0.996528,0.996528
accuracy,0.075,0.996528,0.996528
accuracy,0.1,0.996311,0.996528
accuracy,0.15,0.996528,0.996962
auc,0.05,0.096102,0.086089
auc,0.075,0.09543,0.090651
auc,0.1,0.093414,0.092242
auc,0.15,0.093414,0.094952
cross_entropy,0.05,0.063138,0.076611
cross_entropy,0.075,0.061885,0.078623
cross_entropy,0.1,0.060968,0.079795
cross_entropy,0.15,0.059649,0.082158
