metric,area,comp,suff
accuracy,0.05,0.989149,0.987413
accuracy,0.075,0.98763,0.987847
accuracy,0.1,0.986762,0.987847
accuracy,0.15,0.987196,0.98763
auc,0.05,0.379928,0.320677
auc,0.075,0.378808,0.335629
auc,0.1,0.376344,0.345053
auc,0.15,0.374104,0.363575
cross_entropy,0.05,0.107018,0.111993
cross_entropy,0.075,0.109152,0.106596
cross_entropy,0.1,0.110732,0.102619
cross_entropy,0.15,0.110724,0.09876
