metric,area,comp,suff
accuracy,0.05,0.990885,0.987196
accuracy,0.075,0.990017,0.987413
accuracy,0.1,0.989149,0.987413
accuracy,0.15,0.988064,0.988498
auc,0.05,0.330029,0.273495
auc,0.075,0.329928,0.281944
auc,0.1,0.327681,0.286723
auc,0.15,0.322961,0.298578
cross_entropy,0.05,0.104062,0.109474
cross_entropy,0.075,0.104241,0.109831
cross_entropy,0.1,0.104445,0.110272
cross_entropy,0.15,0.106111,0.108934
