metric,area,comp,suff
accuracy,0.05,0.987413,0.987196
accuracy,0.075,0.987847,0.987196
accuracy,0.1,0.986979,0.988064
accuracy,0.15,0.986979,0.987413
auc,0.05,0.312773,0.267776
auc,0.075,0.308139,0.275623
auc,0.1,0.305104,0.285069
auc,0.15,0.302516,0.302748
cross_entropy,0.05,0.103098,0.114922
cross_entropy,0.075,0.104184,0.114737
cross_entropy,0.1,0.104542,0.113995
cross_entropy,0.15,0.10647,0.110669
