metric,area,comp,suff
accuracy,0.05,0.997613,0.986899
accuracy,0.075,0.996311,0.986682
accuracy,0.1,0.995443,0.986465
accuracy,0.15,0.992405,0.987333
auc,0.05,0.333109,0.273966
auc,0.075,0.332546,0.285907
auc,0.1,0.332546,0.295845
auc,0.15,0.330514,0.311841
cross_entropy,0.05,0.106065,0.113712
cross_entropy,0.075,0.105078,0.11399
cross_entropy,0.1,0.10449,0.1152
cross_entropy,0.15,0.10346,0.118846
