metric,area,comp,suff
accuracy,0.05,0.998698,0.996528
accuracy,0.075,0.998481,0.996528
accuracy,0.1,0.998047,0.996528
accuracy,0.15,0.998047,0.996528
auc,0.05,0.111111,0.09431
auc,0.075,0.111111,0.097894
auc,0.1,0.111111,0.098566
auc,0.15,0.110887,0.101927
cross_entropy,0.05,0.075677,0.062069
cross_entropy,0.075,0.075319,0.062107
cross_entropy,0.1,0.074982,0.062248
cross_entropy,0.15,0.073872,0.062998
