metric,area,comp,suff
accuracy,0.05,0.987413,0.986762
accuracy,0.075,0.987196,0.987196
accuracy,0.1,0.986328,0.98763
accuracy,0.15,0.986111,0.988064
auc,0.05,0.353256,0.310891
auc,0.075,0.350127,0.327946
auc,0.1,0.345531,0.333916
auc,0.15,0.343638,0.341678
cross_entropy,0.05,0.099713,0.115421
cross_entropy,0.075,0.09992,0.115156
cross_entropy,0.1,0.100837,0.114578
cross_entropy,0.15,0.101393,0.114206
