metric,area,comp,suff
accuracy,0.05,0.94819,0.94168
accuracy,0.075,0.945071,0.944718
accuracy,0.1,0.939943,0.94602
accuracy,0.15,0.935603,0.952257
auc,0.05,0.81396,0.717918
auc,0.075,0.769278,0.754886
auc,0.1,0.739817,0.788679
auc,0.15,0.674842,0.826418
cross_entropy,0.05,0.145741,0.19203
cross_entropy,0.075,0.16873,0.175441
cross_entropy,0.1,0.183888,0.161165
cross_entropy,0.15,0.216074,0.139119
