metric,area,comp,suff
accuracy,0.05,0.940811,0.945586
accuracy,0.075,0.936391,0.949572
accuracy,0.1,0.935089,0.953045
accuracy,0.15,0.93197,0.958687
auc,0.05,0.787287,0.846516
auc,0.075,0.730721,0.87278
auc,0.1,0.679233,0.899212
auc,0.15,0.604012,0.917863
cross_entropy,0.05,0.181261,0.161208
cross_entropy,0.075,0.203092,0.14076
cross_entropy,0.1,0.220854,0.124161
cross_entropy,0.15,0.245529,0.10848
