metric,area,comp,suff
accuracy,0.05,0.96441,0.940104
accuracy,0.075,0.960503,0.940972
accuracy,0.1,0.954427,0.94184
accuracy,0.15,0.951823,0.94184
auc,0.05,0.849602,0.628631
auc,0.075,0.836873,0.651454
auc,0.1,0.817358,0.687242
auc,0.15,0.782606,0.711642
cross_entropy,0.05,0.10331,0.213305
cross_entropy,0.075,0.115368,0.204832
cross_entropy,0.1,0.127228,0.198082
cross_entropy,0.15,0.146452,0.18979
