metric,area,comp,suff
accuracy,0.05,0.964422,0.961728
accuracy,0.075,0.957418,0.962806
accuracy,0.1,0.955263,0.962267
accuracy,0.15,0.953108,0.97087
auc,0.05,0.707688,0.672955
auc,0.075,0.675497,0.699557
auc,0.1,0.630482,0.714758
auc,0.15,0.562375,0.725629
cross_entropy,0.05,0.11656,0.133703
cross_entropy,0.075,0.13354,0.127458
cross_entropy,0.1,0.147109,0.123041
cross_entropy,0.15,0.165311,0.121166
