metric,area,comp,suff
accuracy,0.05,0.962267,0.959034
accuracy,0.075,0.957418,0.962806
accuracy,0.1,0.954724,0.963883
accuracy,0.15,0.954168,0.968194
auc,0.05,0.764837,0.746307
auc,0.075,0.715112,0.786976
auc,0.1,0.67269,0.798627
auc,0.15,0.602898,0.80849
cross_entropy,0.05,0.121756,0.141217
cross_entropy,0.075,0.14033,0.131804
cross_entropy,0.1,0.153299,0.128932
cross_entropy,0.15,0.171101,0.124219
