metric,area,comp,suff
accuracy,0.05,0.963362,0.960668
accuracy,0.075,0.958513,0.961746
accuracy,0.1,0.956358,0.962823
accuracy,0.15,0.954203,0.969271
auc,0.05,0.768676,0.719165
auc,0.075,0.715975,0.757032
auc,0.1,0.677722,0.772705
auc,0.15,0.607157,0.799775
cross_entropy,0.05,0.121918,0.14157
cross_entropy,0.075,0.136858,0.132945
cross_entropy,0.1,0.148256,0.128922
cross_entropy,0.15,0.167557,0.122832
