metric,area,comp,suff
accuracy,0.05,0.934028,0.945747
accuracy,0.075,0.931424,0.949653
accuracy,0.1,0.929253,0.952691
accuracy,0.15,0.928385,0.958333
auc,0.05,0.666331,0.740293
auc,0.075,0.592766,0.766317
auc,0.1,0.543442,0.778333
auc,0.15,0.481836,0.795134
cross_entropy,0.05,0.206533,0.160899
cross_entropy,0.075,0.239014,0.137458
cross_entropy,0.1,0.26161,0.125903
cross_entropy,0.15,0.280672,0.109407
