metric,area,comp,suff
mae,0.05,9.846498,13.365493
mae,0.075,10.804808,12.548204
mae,0.1,11.285552,12.033246
mae,0.15,12.1811,10.93592
mse,0.05,7.882804,12.032397
mse,0.075,8.982176,10.773429
mse,0.1,9.606282,10.009672
mse,0.15,10.822489,8.460853
