metric,area,comp,suff
mae,0.05,9.937798,13.370202
mae,0.075,10.911656,12.552037
mae,0.1,11.395999,12.050445
mae,0.15,12.223049,10.974048
mse,0.05,8.009233,12.076912
mse,0.075,9.145092,10.79748
mse,0.1,9.774938,10.044808
mse,0.15,10.91387,8.521486
