metric,area,comp,suff
mae,0.05,9.291182,13.140934
mae,0.075,10.364017,12.277344
mae,0.1,10.89637,11.768423
mae,0.15,11.837757,10.681069
mse,0.05,7.10131,11.551317
mse,0.075,8.314131,10.203107
mse,0.1,8.988398,9.457516
mse,0.15,10.243391,7.968767
