metric,area,comp,suff
mae,0.05,5.129409,15.32331
mae,0.075,6.797729,14.599831
mae,0.1,7.677155,14.220985
mae,0.15,9.138455,13.498753
mse,0.05,2.998824,15.727608
mse,0.075,4.434717,14.496379
mse,0.1,5.290787,13.869153
mse,0.15,6.837967,12.703453
