metric,area,comp,suff
mae,0.05,8.243576,14.66393
mae,0.075,9.313881,14.300453
mae,0.1,9.814669,14.112651
mae,0.15,10.706626,13.765752
mse,0.05,5.97918,14.319179
mse,0.075,7.077256,13.662469
mse,0.1,7.658217,13.304513
mse,0.15,8.788869,12.652944
