metric,area,comp,suff
mae,0.05,10.630713,12.628251
mae,0.075,11.739373,11.517858
mae,0.1,12.297678,10.834487
mae,0.15,13.245291,9.449081
mse,0.05,8.836245,10.886309
mse,0.075,10.215419,9.224774
mse,0.1,11.003564,8.235028
mse,0.15,12.360595,6.432815
