metric,area,comp,suff
mae,0.05,11.181306,11.456112
mae,0.075,12.127205,10.117988
mae,0.1,12.622649,9.337139
mae,0.15,13.497375,7.921695
mse,0.05,9.28077,9.080155
mse,0.075,10.555362,7.23534
mse,0.1,11.280185,6.240993
mse,0.15,12.625933,4.646538
