metric,area,comp,suff
mae,0.05,10.63072,12.628161
mae,0.075,11.739321,11.517838
mae,0.1,12.297678,10.834435
mae,0.15,13.245425,9.44914
mse,0.05,8.836247,10.886148
mse,0.075,10.215333,9.224758
mse,0.1,11.003564,8.234948
mse,0.15,12.360892,6.432877
