metric,area,comp,suff
mae,0.05,8.167397,14.65061
mae,0.075,9.235264,14.296954
mae,0.1,9.75382,14.099875
mae,0.15,10.674326,13.724941
mse,0.05,5.871762,14.338524
mse,0.075,6.968598,13.681206
mse,0.1,7.575957,13.309632
mse,0.15,8.74846,12.618102
