metric,area,comp,suff
mae,0.05,8.46025,14.805131
mae,0.075,9.958346,14.670618
mae,0.1,10.768194,14.680568
mae,0.15,12.362209,14.835214
mse,0.05,6.247274,14.464849
mse,0.075,7.980388,14.184012
mse,0.1,9.03403,14.178474
mse,0.15,11.352055,14.399856
