metric,area,comp,suff
mae,0.05,10.656537,15.441176
mae,0.075,12.985592,16.045743
mae,0.1,14.266516,16.526515
mae,0.15,16.687446,17.61288
mse,0.05,8.417929,15.318338
mse,0.075,11.570322,16.356441
mse,0.1,13.54821,17.215408
mse,0.15,17.817647,19.244757
