metric,area,comp,suff
mae,0.05,11.125218,11.447066
mae,0.075,12.062746,10.099972
mae,0.1,12.563246,9.316938
mae,0.15,13.445909,7.908601
mse,0.05,9.213495,9.062072
mse,0.075,10.478719,7.206977
mse,0.1,11.192698,6.20824
mse,0.15,12.531736,4.624562
