metric,area,comp,suff
mae,0.05,11.581989,11.620814
mae,0.075,12.358049,10.207134
mae,0.1,12.823499,9.382001
mae,0.15,13.637818,7.928399
mse,0.05,9.91565,9.439499
mse,0.075,10.970185,7.435649
mse,0.1,11.657247,6.353783
mse,0.15,12.913221,4.682593
