metric,area,comp,suff
mae,0.05,11.58199,11.620814
mae,0.075,12.358049,10.207135
mae,0.1,12.823519,9.382001
mae,0.15,13.637825,7.928466
mse,0.05,9.915651,9.439499
mse,0.075,10.970185,7.435649
mse,0.1,11.657278,6.353783
mse,0.15,12.913227,4.682699
