metric,area,comp,suff
mae,0.05,11.627864,11.696734
mae,0.075,12.403654,10.280286
mae,0.1,12.857717,9.434029
mae,0.15,13.713436,7.935611
mse,0.05,10.010237,9.513198
mse,0.075,11.088612,7.51632
mse,0.1,11.777681,6.385837
mse,0.15,13.109404,4.665596
