metric,area,comp,suff
mae,0.05,11.215101,11.34737
mae,0.075,12.134692,9.995447
mae,0.1,12.612157,9.229455
mae,0.15,13.454312,7.842392
mse,0.05,9.320499,8.969101
mse,0.075,10.529514,7.093146
mse,0.1,11.208557,6.110926
mse,0.15,12.483597,4.551422
