metric,area,comp,suff
mae,0.05,11.637979,11.664247
mae,0.075,12.405174,10.263585
mae,0.1,12.837095,9.425562
mae,0.15,13.654551,7.982595
mse,0.05,10.036213,9.536523
mse,0.075,11.102085,7.506385
mse,0.1,11.743828,6.400569
mse,0.15,12.993259,4.735245
