metric,area,comp,suff
mae,0.05,11.704541,11.570921
mae,0.075,12.43435,10.168668
mae,0.1,12.871117,9.325195
mae,0.15,13.639916,7.869612
mse,0.05,10.070687,9.305105
mse,0.075,11.048676,7.32816
mse,0.1,11.67382,6.238665
mse,0.15,12.84516,4.595635
