metric,area,comp,suff
mae,0.05,8.808357,13.946107
mae,0.075,9.2928,13.793677
mae,0.1,9.509997,13.718447
mae,0.15,9.932144,13.561007
mse,0.05,7.400923,13.083266
mse,0.075,7.811349,12.819814
mse,0.1,8.000446,12.70023
mse,0.15,8.389708,12.449686
