metric,area,comp,suff
mae,0.05,8.998443,13.820509
mae,0.075,9.482053,13.682791
mae,0.1,9.697187,13.61293
mae,0.15,10.102552,13.462028
mse,0.05,7.651387,12.915554
mse,0.075,8.064109,12.688374
mse,0.1,8.249358,12.583728
mse,0.15,8.607752,12.350874
