metric,area,comp,suff
mae,0.05,8.518048,13.69023
mae,0.075,8.971247,13.545774
mae,0.1,9.187276,13.477596
mae,0.15,9.613889,13.306342
mse,0.05,6.932798,12.614
mse,0.075,7.30687,12.362857
mse,0.1,7.492952,12.250103
mse,0.15,7.889849,11.966706
