metric,area,comp,suff
mae,0.05,11.77205,11.533703
mae,0.075,12.503675,10.136191
mae,0.1,12.945685,9.306193
mae,0.15,13.765057,7.857879
mse,0.05,10.190759,9.28526
mse,0.075,11.19056,7.314898
mse,0.1,11.848278,6.240038
mse,0.15,13.129481,4.590599
