metric,area,comp,suff
mae,0.05,11.741941,11.629823
mae,0.075,12.506877,10.155843
mae,0.1,12.947038,9.325344
mae,0.15,13.737033,7.874812
mse,0.05,10.049173,9.499532
mse,0.075,11.077219,7.377624
mse,0.1,11.737346,6.298722
mse,0.15,12.968459,4.636181
