metric,area,comp,suff
mae,0.05,9.774773,12.859693
mae,0.075,10.783504,12.036491
mae,0.1,11.246074,11.553183
mae,0.15,12.06649,10.546613
mse,0.05,7.769417,11.297727
mse,0.075,8.980037,10.009544
mse,0.1,9.586257,9.287036
mse,0.15,10.68207,7.885683
