metric,area,comp,suff
mae,0.05,9.806381,13.007289
mae,0.075,10.76321,12.183776
mae,0.1,11.256276,11.69329
mae,0.15,12.112449,10.642553
mse,0.05,7.927914,11.589575
mse,0.075,9.023726,10.292565
mse,0.1,9.657749,9.549103
mse,0.15,10.804173,8.053763
