metric,area,comp,suff
mae,0.05,9.836922,13.038183
mae,0.075,10.840773,12.218221
mae,0.1,11.325551,11.708295
mae,0.15,12.173492,10.640865
mse,0.05,7.937047,11.625649
mse,0.075,9.147814,10.307769
mse,0.1,9.776997,9.544172
mse,0.15,10.902545,8.06002
