metric,area,comp,suff
mae,0.05,5.089175,15.368579
mae,0.075,6.781301,14.618047
mae,0.1,7.630726,14.247357
mae,0.15,9.125345,13.494729
mse,0.05,2.904048,15.757952
mse,0.075,4.374888,14.472987
mse,0.1,5.194738,13.861609
mse,0.15,6.796039,12.640696
