metric,area,comp,suff
mae,0.05,11.482552,11.614523
mae,0.075,12.321149,10.206449
mae,0.1,12.780328,9.373564
mae,0.15,13.613603,7.924994
mse,0.05,9.557093,9.393136
mse,0.075,10.726778,7.404816
mse,0.1,11.414917,6.3191
mse,0.15,12.719276,4.670138
