metric,area,comp,suff
mae,0.05,7.923326,14.709065
mae,0.075,9.061105,14.324889
mae,0.1,9.596359,14.122495
mae,0.15,10.522203,13.758855
mse,0.05,5.571318,14.36419
mse,0.075,6.740952,13.631784
mse,0.1,7.348388,13.255378
mse,0.15,8.497982,12.576669
