metric,area,comp,suff
mae,0.05,10.623157,12.689605
mae,0.075,11.7276,11.516095
mae,0.1,12.279375,10.776669
mae,0.15,13.247114,9.443241
mse,0.05,8.774563,11.003568
mse,0.075,10.099704,9.206132
mse,0.1,10.853398,8.144766
mse,0.15,12.240064,6.44207
