metric,area,comp,suff
mae,0.05,10.623156,12.689626
mae,0.075,11.7276,11.516111
mae,0.1,12.279421,10.77664
mae,0.15,13.247114,9.443184
mse,0.05,8.774563,11.003586
mse,0.075,10.099704,9.206164
mse,0.1,10.85347,8.144724
mse,0.15,12.240064,6.442036
