metric,area,comp,suff
mae,0.05,7.89196,14.701326
mae,0.075,9.011986,14.300367
mae,0.1,9.554192,14.11026
mae,0.15,10.497086,13.762468
mse,0.05,5.511732,14.364529
mse,0.075,6.669358,13.617027
mse,0.1,7.275069,13.260727
mse,0.15,8.461056,12.637923
