metric,area,comp,suff
mae,0.05,8.315817,14.665173
mae,0.075,9.884784,14.543698
mae,0.1,10.710208,14.576191
mae,0.15,12.329872,14.767123
mse,0.05,6.039503,14.111996
mse,0.075,7.848878,13.869925
mse,0.1,8.924335,13.90765
mse,0.15,11.269727,14.205512
