metric,area,comp,suff
mae,0.05,10.652675,15.357601
mae,0.075,13.039602,15.974592
mae,0.1,14.343578,16.457648
mae,0.15,16.809261,17.594693
mse,0.05,8.391481,15.317116
mse,0.075,11.590158,16.399929
mse,0.1,13.589157,17.273798
mse,0.15,17.912128,19.391678
