metric,area,comp,suff
mae,0.05,11.509558,11.685626
mae,0.075,12.286512,10.258821
mae,0.1,12.75083,9.44364
mae,0.15,13.581353,7.98101
mse,0.05,9.774125,9.543659
mse,0.075,10.802043,7.471122
mse,0.1,11.482391,6.412879
mse,0.15,12.774035,4.736219
