metric,area,comp,suff
mae,0.05,11.449791,11.542422
mae,0.075,12.199429,10.176641
mae,0.1,12.63158,9.357234
mae,0.15,13.465817,7.919114
mse,0.05,9.618794,9.28856
mse,0.075,10.615962,7.346969
mse,0.1,11.236366,6.274529
mse,0.15,12.512271,4.640794
