metric,area,comp,suff
mae,0.05,11.509557,11.685634
mae,0.075,12.28649,10.258867
mae,0.1,12.750774,9.443639
mae,0.15,13.581373,7.981014
mse,0.05,9.774125,9.543636
mse,0.075,10.802024,7.471206
mse,0.1,11.48225,6.412879
mse,0.15,12.774076,4.736228
