metric,area,comp,suff
mae,0.05,11.450215,11.673155
mae,0.075,12.307151,10.205967
mae,0.1,12.818589,9.40546
mae,0.15,13.702503,7.952651
mse,0.05,9.677853,9.517647
mse,0.075,10.828287,7.402712
mse,0.1,11.579239,6.370457
mse,0.15,12.930652,4.712533
