metric,area,comp,suff
mae,0.05,11.547036,11.547265
mae,0.075,12.365433,10.162793
mae,0.1,12.821068,9.371581
mae,0.15,13.629372,7.960793
mse,0.05,9.979025,9.370148
mse,0.075,11.080432,7.39955
mse,0.1,11.749476,6.373038
mse,0.15,12.978946,4.752339
