metric,area,comp,suff
mae,0.05,11.420823,11.506421
mae,0.075,12.196143,10.131557
mae,0.1,12.650422,9.31953
mae,0.15,13.497902,7.901441
mse,0.05,9.651825,9.272574
mse,0.075,10.7155,7.314645
mse,0.1,11.372938,6.256856
mse,0.15,12.655895,4.649342
