metric,area,comp,suff
mae,0.05,8.780926,13.773358
mae,0.075,9.275311,13.618128
mae,0.1,9.503311,13.53738
mae,0.15,9.943682,13.367183
mse,0.05,7.606819,12.834892
mse,0.075,8.031637,12.583592
mse,0.1,8.235634,12.458864
mse,0.15,8.636996,12.190576
