metric,area,comp,suff
mae,0.05,8.944461,13.791093
mae,0.075,9.447004,13.626494
mae,0.1,9.663688,13.5436
mae,0.15,10.079084,13.394923
mse,0.05,7.776092,12.848329
mse,0.075,8.216057,12.570573
mse,0.1,8.410081,12.43469
mse,0.15,8.798975,12.204602
