metric,area,comp,suff
mae,0.05,8.879641,13.843023
mae,0.075,9.39071,13.689122
mae,0.1,9.617871,13.612148
mae,0.15,10.023558,13.439294
mse,0.05,7.656557,12.984299
mse,0.075,8.105452,12.727482
mse,0.1,8.309684,12.605159
mse,0.15,8.68088,12.339063
