metric,area,comp,suff
mae,0.05,11.599998,11.703048
mae,0.075,12.431957,10.288463
mae,0.1,12.912028,9.452262
mae,0.15,13.764397,8.009256
mse,0.05,9.84608,9.534694
mse,0.075,10.97356,7.520394
mse,0.1,11.671384,6.432119
mse,0.15,12.961757,4.775933
