metric,area,comp,suff
mae,0.05,11.610136,11.592452
mae,0.075,12.448622,10.150283
mae,0.1,12.921661,9.331808
mae,0.15,13.726561,7.90175
mse,0.05,10.027161,9.329971
mse,0.075,11.140518,7.29864
mse,0.1,11.823547,6.256509
mse,0.15,13.074278,4.641705
