metric,area,comp,suff
mae,0.05,23.300398,61.801349
mae,0.075,29.454385,55.468028
mae,0.1,32.498787,52.755395
mae,0.15,38.198981,47.694454
mse,0.05,11.487164,57.826319
mse,0.075,16.630885,47.704539
mse,0.1,19.46315,43.77467
mse,0.15,25.253242,36.913184
