metric,area,comp,suff
mae,0.05,32.345223,53.043507
mae,0.075,40.709195,45.135158
mae,0.1,44.696743,42.1508
mae,0.15,52.232518,38.437107
mse,0.05,18.816149,43.421817
mse,0.075,28.028233,32.852918
mse,0.1,32.853755,29.549025
mse,0.15,42.64665,26.005078
