metric,area,comp,suff
mae,0.05,7.637473,14.321806
mae,0.075,9.243758,12.998895
mae,0.1,9.862027,12.479194
mae,0.15,10.855118,11.55858
mse,0.05,5.374313,13.400913
mse,0.075,7.32354,11.315325
mse,0.1,8.123311,10.509462
mse,0.15,9.42632,9.19956
