metric,area,comp,suff
mae,0.05,31.98854,52.995744
mae,0.075,40.3632,45.158461
mae,0.1,44.363392,42.158226
mae,0.15,51.901231,38.344254
mse,0.05,18.279692,43.514698
mse,0.075,27.556847,33.177331
mse,0.1,32.349331,29.739459
mse,0.15,42.093635,25.984805
