metric,area,comp,suff
mae,0.05,12.488324,9.272036
mae,0.075,14.611358,6.619254
mae,0.1,15.293688,5.523412
mae,0.15,16.260612,3.890689
mse,0.05,11.508948,5.694461
mse,0.075,14.990895,2.954081
mse,0.1,16.076184,2.065722
mse,0.15,17.409158,1.008261
