metric,area,comp,suff
mae,0.05,31.036879,49.360079
mae,0.075,38.079624,37.466739
mae,0.1,41.850764,31.582031
mae,0.15,50.06235,21.863501
mse,0.05,18.333625,37.504452
mse,0.075,26.463362,22.1629
mse,0.1,31.149055,15.900145
mse,0.15,42.422321,7.791734
