metric,area,comp,suff
mae,0.05,12.520831,9.27229
mae,0.075,14.682531,6.63004
mae,0.1,15.349005,5.516279
mae,0.15,16.360015,3.938067
mse,0.05,11.583294,5.674623
mse,0.075,15.169481,2.978133
mse,0.1,16.178701,2.063893
mse,0.15,17.630507,1.033368
