metric,area,comp,suff
mae,0.05,12.543109,9.417981
mae,0.075,14.633706,6.690447
mae,0.1,15.358605,5.577246
mae,0.15,16.386552,3.925397
mse,0.05,11.585005,5.876288
mse,0.075,15.028322,3.019502
mse,0.1,16.198501,2.109489
mse,0.15,17.655277,1.029162
