metric,area,comp,suff
accuracy,0.05,0.980903,0.983724
accuracy,0.075,0.980903,0.986979
accuracy,0.1,0.980903,0.987413
accuracy,0.15,0.980903,0.989583
auc,0.05,0.38672,0.44866
auc,0.075,0.348652,0.451396
auc,0.1,0.336386,0.451743
auc,0.15,0.319113,0.454948
cross_entropy,0.05,0.109271,0.12037
cross_entropy,0.075,0.111856,0.120371
cross_entropy,0.1,0.112895,0.120892
cross_entropy,0.15,0.116317,0.118191
