metric,area,comp,suff
accuracy,0.05,0.993843,0.995145
accuracy,0.075,0.993843,0.996528
accuracy,0.1,0.993843,0.996528
accuracy,0.15,0.993843,0.996962
auc,0.05,0.178505,0.172939
auc,0.075,0.176974,0.176971
auc,0.1,0.175846,0.177867
auc,0.15,0.171814,0.179659
cross_entropy,0.05,0.085172,0.085737
cross_entropy,0.075,0.083437,0.087579
cross_entropy,0.1,0.082567,0.089229
cross_entropy,0.15,0.082242,0.091598
