metric,area,comp,suff
accuracy,0.05,0.980903,0.984158
accuracy,0.075,0.980903,0.986545
accuracy,0.1,0.980903,0.98763
accuracy,0.15,0.980903,0.989366
auc,0.05,0.382178,0.449403
auc,0.075,0.337491,0.451901
auc,0.1,0.328191,0.452488
auc,0.15,0.303582,0.455721
cross_entropy,0.05,0.110657,0.119683
cross_entropy,0.075,0.11324,0.119556
cross_entropy,0.1,0.114517,0.119779
cross_entropy,0.15,0.117645,0.117383
