metric,area,comp,suff
accuracy,0.05,0.989366,0.980686
accuracy,0.075,0.986545,0.980252
accuracy,0.1,0.985026,0.980252
accuracy,0.15,0.983941,0.980252
auc,0.05,0.461898,0.378867
auc,0.075,0.45498,0.401243
auc,0.1,0.449013,0.413929
auc,0.15,0.434656,0.425757
cross_entropy,0.05,0.106138,0.124434
cross_entropy,0.075,0.108528,0.120456
cross_entropy,0.1,0.110399,0.118645
cross_entropy,0.15,0.114171,0.117094
