metric,area,comp,suff
accuracy,0.05,0.993924,0.996094
accuracy,0.075,0.993924,0.996528
accuracy,0.1,0.993924,0.996528
accuracy,0.15,0.993924,0.997396
auc,0.05,0.19086,0.193548
auc,0.075,0.187276,0.193548
auc,0.1,0.187276,0.194444
auc,0.15,0.166219,0.194444
cross_entropy,0.05,0.084268,0.085363
cross_entropy,0.075,0.083592,0.087381
cross_entropy,0.1,0.083285,0.089321
cross_entropy,0.15,0.083981,0.09198
