metric,area,comp,suff
accuracy,0.05,0.980903,0.986111
accuracy,0.075,0.980903,0.987196
accuracy,0.1,0.980903,0.989149
accuracy,0.15,0.980903,0.9898
auc,0.05,0.35054,0.449675
auc,0.075,0.315346,0.453838
auc,0.1,0.293084,0.455066
auc,0.15,0.25496,0.455753
cross_entropy,0.05,0.114733,0.120433
cross_entropy,0.075,0.118163,0.119041
cross_entropy,0.1,0.120576,0.116388
cross_entropy,0.15,0.124965,0.112197
