metric,area,comp,suff
accuracy,0.05,0.980903,0.984809
accuracy,0.075,0.980903,0.986328
accuracy,0.1,0.980903,0.989149
accuracy,0.15,0.980903,0.989583
auc,0.05,0.36307,0.449899
auc,0.075,0.326563,0.453946
auc,0.1,0.303783,0.455406
auc,0.15,0.277062,0.455638
cross_entropy,0.05,0.113658,0.122252
cross_entropy,0.075,0.116644,0.121076
cross_entropy,0.1,0.119104,0.118596
cross_entropy,0.15,0.123434,0.114781
