metric,area,comp,suff
accuracy,0.05,0.997396,0.993924
accuracy,0.075,0.996962,0.993924
accuracy,0.1,0.996528,0.993924
accuracy,0.15,0.996094,0.993924
auc,0.05,0.180556,0.161156
auc,0.075,0.180108,0.166794
auc,0.1,0.180108,0.171274
auc,0.15,0.179659,0.17379
cross_entropy,0.05,0.089045,0.087448
cross_entropy,0.075,0.087837,0.087357
cross_entropy,0.1,0.087069,0.087167
cross_entropy,0.15,0.086653,0.086454
