metric,area,comp,suff
accuracy,0.05,0.913034,0.915718
accuracy,0.075,0.875233,0.873401
accuracy,0.1,0.845502,0.832047
accuracy,0.15,0.798073,0.784618
auc,0.05,0.420307,0.306466
auc,0.075,0.391957,0.305269
auc,0.1,0.367494,0.304971
auc,0.15,0.337258,0.303047
cross_entropy,0.05,inf,inf
cross_entropy,0.075,inf,inf
cross_entropy,0.1,inf,inf
cross_entropy,0.15,inf,inf
