metric,area,comp,suff
accuracy,0.05,0.911828,0.911651
accuracy,0.075,0.871817,0.865484
accuracy,0.1,0.840527,0.833542
accuracy,0.15,0.794223,0.778734
auc,0.05,0.372552,0.282723
auc,0.075,0.345012,0.280886
auc,0.1,0.322793,0.279187
auc,0.15,0.304323,0.275255
cross_entropy,0.05,inf,inf
cross_entropy,0.075,inf,inf
cross_entropy,0.1,inf,inf
cross_entropy,0.15,inf,inf
