metric,area,comp,suff
accuracy,0.05,0.993924,0.994792
accuracy,0.075,0.993924,0.996094
accuracy,0.1,0.993924,0.996528
accuracy,0.15,0.993924,0.997396
auc,0.05,0.190412,0.189068
auc,0.075,0.18862,0.190412
auc,0.1,0.185932,0.191756
auc,0.15,0.180108,0.193548
cross_entropy,0.05,0.082643,0.088169
cross_entropy,0.075,0.081535,0.09061
cross_entropy,0.1,0.081298,0.092491
cross_entropy,0.15,0.081195,0.09553
