metric,area,comp,suff
accuracy,0.05,0.859094,0.852366
accuracy,0.075,0.791835,0.777553
accuracy,0.1,0.74054,0.724658
accuracy,0.15,0.674543,0.652545
auc,0.05,0.423512,0.31618
auc,0.075,0.388293,0.314994
auc,0.1,0.371568,0.313665
auc,0.15,0.344227,0.314221
cross_entropy,0.05,inf,inf
cross_entropy,0.075,inf,inf
cross_entropy,0.1,inf,inf
cross_entropy,0.15,inf,inf
