metric,area,comp,suff
accuracy,0.05,0.980903,0.987196
accuracy,0.075,0.980903,0.988498
accuracy,0.1,0.980903,0.991753
accuracy,0.15,0.980903,0.992622
auc,0.05,0.322282,0.449504
auc,0.075,0.287264,0.451949
auc,0.1,0.265087,0.453988
auc,0.15,0.249369,0.456222
cross_entropy,0.05,0.122971,0.110486
cross_entropy,0.075,0.126119,0.110065
cross_entropy,0.1,0.128141,0.108542
cross_entropy,0.15,0.12965,0.106874
