metric,area,comp,suff
accuracy,0.05,0.980822,0.987727
accuracy,0.075,0.980822,0.98976
accuracy,0.1,0.980822,0.991102
accuracy,0.15,0.980822,0.991713
auc,0.05,0.350771,0.494167
auc,0.075,0.334488,0.495685
auc,0.1,0.312816,0.497137
auc,0.15,0.279381,0.499436
cross_entropy,0.05,0.123993,0.110069
cross_entropy,0.075,0.125839,0.109296
cross_entropy,0.1,0.12751,0.108528
cross_entropy,0.15,0.130322,0.106725
