metric,area,comp,suff
accuracy,0.05,0.980822,0.986642
accuracy,0.075,0.980822,0.989543
accuracy,0.1,0.980822,0.990451
accuracy,0.15,0.980822,0.992581
auc,0.05,0.341287,0.494267
auc,0.075,0.305926,0.496478
auc,0.1,0.285905,0.497997
auc,0.15,0.260893,0.499436
cross_entropy,0.05,0.12481,0.110469
cross_entropy,0.075,0.127836,0.109175
cross_entropy,0.1,0.129541,0.108275
cross_entropy,0.15,0.131908,0.10667
