metric,area,comp,suff
accuracy,0.05,0.98112,0.987413
accuracy,0.075,0.98112,0.986545
accuracy,0.1,0.98112,0.987847
accuracy,0.15,0.981337,0.989366
auc,0.05,0.356247,0.467117
auc,0.075,0.307598,0.4679
auc,0.1,0.280309,0.469215
auc,0.15,0.263576,0.470111
cross_entropy,0.05,0.119102,0.110744
cross_entropy,0.075,0.124958,0.112163
cross_entropy,0.1,0.127683,0.112014
cross_entropy,0.15,0.131024,0.111162
