metric,area,comp,suff
accuracy,0.05,0.951389,0.916803
accuracy,0.075,0.933377,0.924399
accuracy,0.1,0.929688,0.935901
accuracy,0.15,0.924479,0.941109
auc,0.05,0.278016,0.134112
auc,0.075,0.273121,0.144261
auc,0.1,0.270057,0.139183
auc,0.15,0.271691,0.13228
cross_entropy,0.05,0.141698,0.214361
cross_entropy,0.075,0.169978,0.18259
cross_entropy,0.1,0.187239,0.169948
cross_entropy,0.15,0.199994,0.160127
