metric,area,comp,suff
accuracy,0.05,1.0,0.993924
accuracy,0.075,0.999566,0.993924
accuracy,0.1,0.999566,0.993924
accuracy,0.15,0.998698,0.993924
auc,0.05,0.166667,0.148887
auc,0.075,0.166667,0.160148
auc,0.1,0.166667,0.162634
auc,0.15,0.166667,0.164875
cross_entropy,0.05,0.097144,0.085193
cross_entropy,0.075,0.096182,0.084242
cross_entropy,0.1,0.094602,0.083499
cross_entropy,0.15,0.093652,0.082583
