metric,area,comp,suff
accuracy,0.05,0.981771,0.985026
accuracy,0.075,0.981554,0.986545
accuracy,0.1,0.981337,0.987847
accuracy,0.15,0.981337,0.9898
auc,0.05,0.402285,0.463529
auc,0.075,0.352474,0.46544
auc,0.1,0.320423,0.467465
auc,0.15,0.291935,0.468832
cross_entropy,0.05,0.112725,0.107646
cross_entropy,0.075,0.117345,0.108365
cross_entropy,0.1,0.121426,0.108324
cross_entropy,0.15,0.126152,0.109172
