metric,area,comp,suff
accuracy,0.05,0.992622,0.978435
accuracy,0.075,0.990154,0.979954
accuracy,0.1,0.988852,0.980388
accuracy,0.15,0.985597,0.980822
auc,0.05,0.49932,0.382964
auc,0.075,0.497614,0.401624
auc,0.1,0.497036,0.424731
auc,0.15,0.493507,0.457075
cross_entropy,0.05,0.099938,inf
cross_entropy,0.075,0.100376,inf
cross_entropy,0.1,0.10139,inf
cross_entropy,0.15,0.103899,inf
