metric,area,comp,suff
accuracy,0.05,0.992405,0.979167
accuracy,0.075,0.990017,0.980252
accuracy,0.1,0.988281,0.980686
accuracy,0.15,0.985026,0.980686
auc,0.05,0.429709,0.303163
auc,0.075,0.428484,0.326774
auc,0.1,0.428803,0.355815
auc,0.15,0.419175,0.388948
cross_entropy,0.05,0.099714,inf
cross_entropy,0.075,0.099957,inf
cross_entropy,0.1,0.100117,inf
cross_entropy,0.15,0.103062,inf
