metric,area,comp,suff
accuracy,0.05,0.991102,0.978733
accuracy,0.075,0.9898,0.980469
accuracy,0.1,0.986545,0.980686
accuracy,0.15,0.985677,0.980252
auc,0.05,0.470206,0.278401
auc,0.075,0.4691,0.313198
auc,0.1,0.467581,0.346874
auc,0.15,0.462462,0.388777
cross_entropy,0.05,0.09986,inf
cross_entropy,0.075,0.10128,inf
cross_entropy,0.1,0.102656,inf
cross_entropy,0.15,0.104502,inf
