metric,area,comp,suff
accuracy,0.05,0.981256,0.986899
accuracy,0.075,0.981256,0.98755
accuracy,0.1,0.981256,0.988024
accuracy,0.15,0.981256,0.989366
auc,0.05,0.331673,0.426395
auc,0.075,0.298108,0.427234
auc,0.1,0.269105,0.428631
auc,0.15,0.234303,0.429354
cross_entropy,0.05,0.117768,0.109021
cross_entropy,0.075,0.121892,0.110173
cross_entropy,0.1,0.125621,0.110241
cross_entropy,0.15,0.129735,0.110133
