metric,area,comp,suff
accuracy,0.05,0.98169,0.986465
accuracy,0.075,0.98169,0.987333
accuracy,0.1,0.981256,0.987333
accuracy,0.15,0.981256,0.986899
auc,0.05,0.316384,0.419865
auc,0.075,0.283019,0.42241
auc,0.1,0.261825,0.424969
auc,0.15,0.234932,0.427582
cross_entropy,0.05,0.117292,0.111168
cross_entropy,0.075,0.121625,0.111545
cross_entropy,0.1,0.124268,0.111862
cross_entropy,0.15,0.127851,0.111215
