metric,area,comp,suff
mae,0.05,16.287974,84.653112
mae,0.075,22.611973,82.108864
mae,0.1,26.531689,80.458158
mae,0.15,34.117468,75.473364
mse,0.05,4.760142,112.455799
mse,0.075,8.543864,106.700098
mse,0.1,11.54079,102.985059
mse,0.15,18.734825,92.370175
