metric,area,comp,suff
mae,0.05,27.063773,81.726423
mae,0.075,35.473038,76.674426
mae,0.1,40.925735,72.959583
mae,0.15,51.90542,63.919845
mse,0.05,11.88622,105.90071
mse,0.075,20.023038,95.172533
mse,0.1,26.625725,87.475031
mse,0.15,42.61006,69.206903
