metric,area,comp,suff
mae,0.05,7.224607,22.002594
mae,0.075,9.511157,21.275037
mae,0.1,10.629018,20.785634
mae,0.15,12.963242,19.856141
mse,0.05,4.519759,28.980603
mse,0.075,7.228534,27.253456
mse,0.1,8.662642,26.173579
mse,0.15,11.98644,24.107681
