metric,area,comp,suff
mae,0.05,12.5034,20.023472
mae,0.075,15.348273,18.81367
mae,0.1,16.681576,18.247573
mae,0.15,19.065386,16.919448
mse,0.05,10.959404,24.127665
mse,0.075,15.589894,21.63099
mse,0.1,18.020979,20.534673
mse,0.15,22.849444,18.199759
