metric,area,comp,suff
mae,0.05,15.116323,17.83875
mae,0.075,18.040875,15.994669
mae,0.1,19.11192,15.192867
mae,0.15,20.753968,13.264822
mse,0.05,16.304813,19.511614
mse,0.075,21.867681,15.745364
mse,0.1,23.918339,14.23653
mse,0.15,27.162998,11.066908
