metric,area,comp,suff
mae,0.05,18.332692,85.514721
mae,0.075,22.468265,82.783686
mae,0.1,24.921219,80.586238
mae,0.15,29.905457,72.787899
mse,0.05,6.588751,115.448258
mse,0.075,9.619156,109.718085
mse,0.1,11.850419,105.097294
mse,0.15,16.88775,88.654469
