metric,area,comp,suff
accuracy,0.05,0.988715,0.991753
accuracy,0.075,0.988715,0.992188
accuracy,0.1,0.988715,0.992622
accuracy,0.15,0.988715,0.994358
auc,0.05,0.307348,0.330862
auc,0.075,0.302419,0.332437
auc,0.1,0.302636,0.332437
auc,0.15,0.287142,0.332885
cross_entropy,0.05,0.091878,0.094723
cross_entropy,0.075,0.092084,0.095526
cross_entropy,0.1,0.091913,0.096673
cross_entropy,0.15,0.092437,0.098226
