metric,area,comp,suff
accuracy,0.05,0.984158,0.987413
accuracy,0.075,0.984158,0.988281
accuracy,0.1,0.984375,0.988498
accuracy,0.15,0.984375,0.988715
auc,0.05,0.359935,0.388747
auc,0.075,0.339296,0.391103
auc,0.1,0.321487,0.392593
auc,0.15,0.291237,0.396453
cross_entropy,0.05,0.098053,0.113611
cross_entropy,0.075,0.099729,0.113803
cross_entropy,0.1,0.10093,0.113143
cross_entropy,0.15,0.103512,0.11378
