metric,area,comp,suff
accuracy,0.05,0.98169,0.985854
accuracy,0.075,0.98169,0.988932
accuracy,0.1,0.98169,0.990234
accuracy,0.15,0.98169,0.991753
auc,0.05,0.427412,0.46894
auc,0.075,0.416592,0.469952
auc,0.1,0.400306,0.470184
auc,0.15,0.370286,0.470415
cross_entropy,0.05,0.097354,0.097251
cross_entropy,0.075,0.099605,0.09726
cross_entropy,0.1,0.101692,0.097569
cross_entropy,0.15,0.104289,0.097743
