metric,area,comp,suff
accuracy,0.05,0.981771,0.988498
accuracy,0.075,0.981771,0.9898
accuracy,0.1,0.981771,0.99197
accuracy,0.15,0.981771,0.992405
auc,0.05,0.392104,0.425422
auc,0.075,0.381066,0.425806
auc,0.1,0.362815,0.427599
auc,0.15,0.334131,0.428734
cross_entropy,0.05,0.095723,0.096505
cross_entropy,0.075,0.098346,0.096951
cross_entropy,0.1,0.100519,0.097307
cross_entropy,0.15,0.102981,0.097944
