batch_index,metric,tau,area,comp,suff
0,auc,0,0.05,0.0,0.0
0,auc,0,0.075,0.0,0.0
0,auc,0,0.1,0.0,0.0
0,auc,0,0.15,0.0,0.0
0,accuracy,0,0.05,1.0,1.0
0,accuracy,0,0.075,1.0,1.0
0,accuracy,0,0.1,1.0,1.0
0,accuracy,0,0.15,1.0,1.0
0,cross_entropy,0,0.05,0.071443,0.080723
0,cross_entropy,0,0.075,0.074738,0.081008
0,cross_entropy,0,0.1,0.080202,0.076463
0,cross_entropy,0,0.15,0.080014,0.075581
0,auc,1,0.05,0.0,0.0
0,auc,1,0.075,0.0,0.0
0,auc,1,0.1,0.0,0.0
0,auc,1,0.15,0.0,0.0
0,accuracy,1,0.05,1.0,1.0
0,accuracy,1,0.075,1.0,1.0
0,accuracy,1,0.1,1.0,1.0
0,accuracy,1,0.15,1.0,1.0
0,cross_entropy,1,0.05,0.066735,0.08767
0,cross_entropy,1,0.075,0.070884,0.088461
0,cross_entropy,1,0.1,0.073555,0.082229
0,cross_entropy,1,0.15,0.080355,0.087992
