metric,area,comp,suff
accuracy,0.05,0.989366,0.981771
accuracy,0.075,0.986762,0.981337
accuracy,0.1,0.98546,0.981554
accuracy,0.15,0.983507,0.981554
auc,0.05,0.401404,0.304342
auc,0.075,0.398631,0.332065
auc,0.1,0.396296,0.346229
auc,0.15,0.394423,0.357076
cross_entropy,0.05,0.093167,0.110945
cross_entropy,0.075,0.094578,0.109023
cross_entropy,0.1,0.095936,0.107319
cross_entropy,0.15,0.097925,0.105947
