metric,area,comp,suff
accuracy,0.05,0.981771,0.988715
accuracy,0.075,0.981771,0.989149
accuracy,0.1,0.981771,0.989366
accuracy,0.15,0.981771,0.991753
auc,0.05,0.396014,0.437655
auc,0.075,0.352914,0.440938
auc,0.1,0.321584,0.441321
auc,0.15,0.268267,0.442217
cross_entropy,0.05,0.099544,0.102579
cross_entropy,0.075,0.105011,0.101024
cross_entropy,0.1,0.107888,0.100277
cross_entropy,0.15,0.112416,0.098635
