metric,area,comp,suff
accuracy,0.05,0.984375,0.986111
accuracy,0.075,0.984158,0.987413
accuracy,0.1,0.984375,0.986545
accuracy,0.15,0.984375,0.986762
auc,0.05,0.321007,0.362872
auc,0.075,0.294043,0.366139
auc,0.1,0.285743,0.366811
auc,0.15,0.228971,0.371378
cross_entropy,0.05,0.09879,0.118496
cross_entropy,0.075,0.102465,0.116449
cross_entropy,0.1,0.10469,0.115709
cross_entropy,0.15,0.110062,0.112944
