metric,area,comp,suff
accuracy,0.05,0.984158,0.990451
accuracy,0.075,0.984375,0.990885
accuracy,0.1,0.984375,0.992405
accuracy,0.15,0.984375,0.99197
auc,0.05,0.277953,0.372057
auc,0.075,0.246457,0.373778
auc,0.1,0.225639,0.374009
auc,0.15,0.201227,0.374465
cross_entropy,0.05,0.108857,0.103897
cross_entropy,0.075,0.112058,0.102917
cross_entropy,0.1,0.11419,0.102734
cross_entropy,0.15,0.117146,0.102856
