metric,area,comp,suff
accuracy,0.05,0.936728,0.951566
accuracy,0.075,0.915204,0.924318
accuracy,0.1,0.893719,0.90076
accuracy,0.15,0.863257,0.864005
auc,0.05,0.388113,0.27274
auc,0.075,0.360798,0.273781
auc,0.1,0.336801,0.274511
auc,0.15,0.311558,0.272364
cross_entropy,0.05,0.223934,0.23548
cross_entropy,0.075,0.275697,0.284002
cross_entropy,0.1,0.318043,0.325956
cross_entropy,0.15,0.383569,0.390598
