metric,area,comp,suff
accuracy,0.05,0.994792,0.988715
accuracy,0.075,0.992622,0.988715
accuracy,0.1,0.991753,0.988715
accuracy,0.15,0.990451,0.988715
auc,0.05,0.291219,0.232111
auc,0.075,0.291219,0.239254
auc,0.1,0.291059,0.248894
auc,0.15,0.291219,0.263369
cross_entropy,0.05,0.096,0.098748
cross_entropy,0.075,0.094451,0.098035
cross_entropy,0.1,0.093122,0.097866
cross_entropy,0.15,0.09135,0.097491
