metric,area,comp,suff
accuracy,0.05,0.984214,0.988418
accuracy,0.075,0.983997,0.988635
accuracy,0.1,0.984214,0.990588
accuracy,0.15,0.984214,0.992107
auc,0.05,0.334943,0.393728
auc,0.075,0.293793,0.395744
auc,0.1,0.269591,0.398346
auc,0.15,0.238168,0.399929
cross_entropy,0.05,0.106916,0.104917
cross_entropy,0.075,0.110504,0.104366
cross_entropy,0.1,0.11309,0.103514
cross_entropy,0.15,0.115968,0.103699
