metric,area,comp,suff
accuracy,0.05,0.937773,0.955649
accuracy,0.075,0.917334,0.926272
accuracy,0.1,0.893382,0.900503
accuracy,0.15,0.863571,0.863096
auc,0.05,0.400963,0.292515
auc,0.075,0.372151,0.288712
auc,0.1,0.351021,0.288053
auc,0.15,0.326618,0.28645
cross_entropy,0.05,0.223545,0.233169
cross_entropy,0.075,0.275098,0.281684
cross_entropy,0.1,0.317969,0.323535
cross_entropy,0.15,0.3828,0.389258
