metric,area,comp,suff
accuracy,0.05,0.981771,0.986031
accuracy,0.075,0.981771,0.988024
accuracy,0.1,0.981771,0.989286
accuracy,0.15,0.981771,0.990154
auc,0.05,0.370703,0.424447
auc,0.075,0.329162,0.427389
auc,0.1,0.304817,0.4283
auc,0.15,0.275022,0.429312
cross_entropy,0.05,0.099786,0.102064
cross_entropy,0.075,0.104778,0.100697
cross_entropy,0.1,0.107328,0.100276
cross_entropy,0.15,0.111964,0.097983
