metric,area,comp,suff
accuracy,0.05,0.988555,0.990725
accuracy,0.075,0.988555,0.992027
accuracy,0.1,0.988555,0.993843
accuracy,0.15,0.988555,0.994277
auc,0.05,0.289904,0.316308
auc,0.075,0.261252,0.31586
auc,0.1,0.242852,0.317204
auc,0.15,0.209817,0.318996
cross_entropy,0.05,0.096364,0.092412
cross_entropy,0.075,0.097911,0.093277
cross_entropy,0.1,0.098686,0.094363
cross_entropy,0.15,0.100198,0.096239
