metric,area,comp,suff
accuracy,0.05,0.905993,0.923708
accuracy,0.075,0.868289,0.87111
accuracy,0.1,0.829499,0.827273
accuracy,0.15,0.772819,0.762796
auc,0.05,0.381114,0.281709
auc,0.075,0.354021,0.277574
auc,0.1,0.335611,0.276973
auc,0.15,0.315002,0.273446
cross_entropy,0.05,0.281006,0.286574
cross_entropy,0.075,0.359491,0.363404
cross_entropy,0.1,0.427241,0.429041
cross_entropy,0.15,0.534519,0.535857
