metric,area,comp,suff
accuracy,0.05,0.988715,0.990451
accuracy,0.075,0.988715,0.991753
accuracy,0.1,0.988715,0.993056
accuracy,0.15,0.988715,0.993924
auc,0.05,0.296737,0.317854
auc,0.075,0.287082,0.317637
auc,0.1,0.265748,0.3181
auc,0.15,0.247506,0.318996
cross_entropy,0.05,0.094584,0.09643
cross_entropy,0.075,0.095187,0.09718
cross_entropy,0.1,0.095814,0.098283
cross_entropy,0.15,0.096715,0.100247
