metric,area,comp,suff
accuracy,0.05,0.692106,0.637989
accuracy,0.075,0.543306,0.519137
accuracy,0.1,0.504774,0.501085
accuracy,0.15,0.5,0.500217
auc,0.05,0.4287,0.313938
auc,0.075,0.411503,0.31081
auc,0.1,0.395651,0.31219
auc,0.15,0.370873,0.309394
cross_entropy,0.05,0.568672,0.584502
cross_entropy,0.075,0.825934,0.84252
cross_entropy,0.1,1.057514,1.072493
cross_entropy,0.15,1.433247,1.443564
