metric,area,comp,suff
accuracy,0.05,0.981771,0.988715
accuracy,0.075,0.981771,0.990668
accuracy,0.1,0.981771,0.992839
accuracy,0.15,0.981771,0.994792
auc,0.05,0.371485,0.428734
auc,0.075,0.347416,0.429753
auc,0.1,0.31393,0.430324
auc,0.15,0.277334,0.430556
cross_entropy,0.05,0.103843,0.09238
cross_entropy,0.075,0.106728,0.092559
cross_entropy,0.1,0.110089,0.09237
cross_entropy,0.15,0.113339,0.093094
