metric,area,comp,suff
accuracy,0.05,0.984375,0.989366
accuracy,0.075,0.984375,0.989583
accuracy,0.1,0.984375,0.990234
accuracy,0.15,0.984375,0.991102
auc,0.05,0.302422,0.386156
auc,0.075,0.275878,0.386712
auc,0.1,0.259773,0.387623
auc,0.15,0.234114,0.387963
cross_entropy,0.05,0.108363,0.104234
cross_entropy,0.075,0.110774,0.10464
cross_entropy,0.1,0.112496,0.104663
cross_entropy,0.15,0.115764,0.104619
