metric,area,comp,suff
accuracy,0.05,0.988715,0.992622
accuracy,0.075,0.988715,0.992622
accuracy,0.1,0.988715,0.994792
accuracy,0.15,0.988715,0.99566
auc,0.05,0.258979,0.291204
auc,0.075,0.245311,0.290771
auc,0.1,0.223987,0.291219
auc,0.15,0.199927,0.291667
cross_entropy,0.05,0.097221,0.09273
cross_entropy,0.075,0.09875,0.09297
cross_entropy,0.1,0.099179,0.094066
cross_entropy,0.15,0.099719,0.096903
