metric,area,comp,suff
accuracy,0.05,0.98169,0.989149
accuracy,0.075,0.98169,0.991753
accuracy,0.1,0.98169,0.993924
accuracy,0.15,0.98169,0.995443
auc,0.05,0.383998,0.469288
auc,0.075,0.351105,0.469519
auc,0.1,0.327678,0.471419
auc,0.15,0.285533,0.472222
cross_entropy,0.05,0.105859,0.09192
cross_entropy,0.075,0.108935,0.091974
cross_entropy,0.1,0.111143,0.092051
cross_entropy,0.15,0.11385,0.092922
