metric,area,comp,suff
accuracy,0.05,0.983941,0.988281
accuracy,0.075,0.983941,0.9898
accuracy,0.1,0.983507,0.990017
accuracy,0.15,0.983941,0.990017
auc,0.05,0.28275,0.369962
auc,0.075,0.246234,0.37171
auc,0.1,0.224923,0.371617
auc,0.15,0.193696,0.372817
cross_entropy,0.05,0.109236,0.105427
cross_entropy,0.075,0.113793,0.106568
cross_entropy,0.1,0.116945,0.10701
cross_entropy,0.15,0.120409,0.106237
