metric,area,comp,suff
accuracy,0.05,0.998698,0.988715
accuracy,0.075,0.99783,0.988715
accuracy,0.1,0.996962,0.989149
accuracy,0.15,0.996962,0.990451
auc,0.05,0.332885,0.29422
auc,0.075,0.332885,0.313329
auc,0.1,0.332885,0.318735
auc,0.15,0.332437,0.322349
cross_entropy,0.05,0.100834,0.095682
cross_entropy,0.075,0.099989,0.093552
cross_entropy,0.1,0.098794,0.093577
cross_entropy,0.15,0.098724,0.096907
