metric,area,comp,suff
accuracy,0.05,0.981771,0.990234
accuracy,0.075,0.981771,0.991102
accuracy,0.1,0.981771,0.991536
accuracy,0.15,0.981771,0.99349
auc,0.05,0.37625,0.428378
auc,0.075,0.34057,0.428726
auc,0.1,0.32679,0.42895
auc,0.15,0.290553,0.429145
cross_entropy,0.05,0.102716,0.092452
cross_entropy,0.075,0.106687,0.093941
cross_entropy,0.1,0.108753,0.094869
cross_entropy,0.15,0.11229,0.095422
