metric,area,comp,suff
accuracy,0.05,0.981554,0.985243
accuracy,0.075,0.981771,0.986979
accuracy,0.1,0.981771,0.987847
accuracy,0.15,0.981771,0.990451
auc,0.05,0.395775,0.426958
auc,0.075,0.368317,0.427722
auc,0.1,0.345216,0.428047
auc,0.15,0.298925,0.429112
cross_entropy,0.05,0.100101,0.09157
cross_entropy,0.075,0.104055,0.091412
cross_entropy,0.1,0.106737,0.092276
cross_entropy,0.15,0.110966,0.093645
