metric,area,comp,suff
accuracy,0.05,0.982205,0.975694
accuracy,0.075,0.981337,0.975694
accuracy,0.1,0.98112,0.975694
accuracy,0.15,0.98112,0.976128
auc,0.05,0.229701,0.122119
auc,0.075,0.228076,0.11874
auc,0.1,0.22714,0.121154
auc,0.15,0.228344,0.123431
cross_entropy,0.05,0.100063,0.118375
cross_entropy,0.075,0.107131,0.115311
cross_entropy,0.1,0.108523,0.114823
cross_entropy,0.15,0.109042,0.115198
