metric,area,comp,suff
accuracy,0.05,0.986979,0.976128
accuracy,0.075,0.984375,0.977431
accuracy,0.1,0.983507,0.982422
accuracy,0.15,0.982422,0.985677
auc,0.05,0.419034,0.379642
auc,0.075,0.406306,0.402793
auc,0.1,0.391136,0.415519
auc,0.15,0.361584,0.421821
cross_entropy,0.05,0.099483,0.106776
cross_entropy,0.075,0.103076,0.099569
cross_entropy,0.1,0.105544,0.091846
cross_entropy,0.15,0.107023,0.089233
