metric,area,comp,suff
accuracy,0.05,0.992147,0.984214
accuracy,0.075,0.990628,0.983997
accuracy,0.1,0.989977,0.983997
accuracy,0.15,0.990411,0.983997
auc,0.05,0.40131,0.216431
auc,0.075,0.40019,0.243187
auc,0.1,0.399742,0.2648
auc,0.15,0.393027,0.30359
cross_entropy,0.05,0.103135,0.119518
cross_entropy,0.075,0.103581,0.116554
cross_entropy,0.1,0.102645,0.115169
cross_entropy,0.15,0.102227,0.112376
