metric,area,comp,suff
accuracy,0.05,0.985894,0.976997
accuracy,0.075,0.983724,0.97895
accuracy,0.1,0.982639,0.983724
accuracy,0.15,0.982205,0.986111
auc,0.05,0.435417,0.395626
auc,0.075,0.421997,0.419579
auc,0.1,0.406524,0.427886
auc,0.15,0.379967,0.434689
cross_entropy,0.05,0.101018,0.106701
cross_entropy,0.075,0.103863,0.099552
cross_entropy,0.1,0.10674,0.090885
cross_entropy,0.15,0.108362,0.089141
