metric,area,comp,suff
accuracy,0.05,0.981771,0.987847
accuracy,0.075,0.981771,0.989366
accuracy,0.1,0.981771,0.990885
accuracy,0.15,0.981771,0.990668
auc,0.05,0.359161,0.415812
auc,0.075,0.341506,0.416203
auc,0.1,0.316719,0.415603
auc,0.15,0.290761,0.416023
cross_entropy,0.05,0.101092,0.090969
cross_entropy,0.075,0.104121,0.091927
cross_entropy,0.1,0.106505,0.092694
cross_entropy,0.15,0.1095,0.094107
