metric,area,comp,suff
accuracy,0.05,0.981771,0.986979
accuracy,0.075,0.981771,0.989149
accuracy,0.1,0.981771,0.989366
accuracy,0.15,0.981771,0.990628
auc,0.05,0.36196,0.41394
auc,0.075,0.345056,0.415155
auc,0.1,0.327212,0.414888
auc,0.15,0.295428,0.415907
cross_entropy,0.05,0.101467,0.092997
cross_entropy,0.075,0.105055,0.092734
cross_entropy,0.1,0.107002,0.093693
cross_entropy,0.15,0.110516,0.094329
