metric,area,comp,suff
accuracy,0.05,0.981771,0.986111
accuracy,0.075,0.981771,0.987847
accuracy,0.1,0.981771,0.988281
accuracy,0.15,0.981771,0.990234
auc,0.05,0.387723,0.43971
auc,0.075,0.351035,0.441402
auc,0.1,0.325336,0.442421
auc,0.15,0.293485,0.442073
cross_entropy,0.05,0.101325,0.092486
cross_entropy,0.075,0.10538,0.092658
cross_entropy,0.1,0.107936,0.093563
cross_entropy,0.15,0.110692,0.095062
