metric,area,comp,suff
mae,0.05,10.658209,22.040573
mae,0.075,11.8787,20.393916
mae,0.1,12.393444,19.450577
mae,0.15,13.295601,17.363387
mse,0.05,11.178663,28.598127
mse,0.075,12.684551,24.752733
mse,0.1,13.351801,22.681091
mse,0.15,14.586665,18.424305
