metric,area,comp,suff
mae,0.05,10.509519,22.132058
mae,0.075,11.70595,20.473291
mae,0.1,12.230379,19.485082
mae,0.15,13.202754,17.373265
mse,0.05,10.8,28.92544
mse,0.075,12.258565,25.051223
mse,0.1,12.946677,22.870392
mse,0.15,14.319907,18.542941
