metric,area,comp,suff
mae,0.05,2.490321,25.531635
mae,0.075,3.726565,24.518023
mae,0.1,4.477442,23.847999
mae,0.15,6.247671,22.250988
mse,0.05,0.966995,38.784946
mse,0.075,1.711312,36.260241
mse,0.1,2.270417,34.648077
mse,0.15,3.84687,30.962773
