metric,area,comp,suff
mae,0.05,8.651136,22.374681
mae,0.075,10.06018,21.02945
mae,0.1,10.688499,20.304732
mae,0.15,11.805023,18.7672
mse,0.05,8.068874,29.692492
mse,0.075,9.666049,26.633614
mse,0.1,10.449956,25.082496
mse,0.15,11.935852,21.979148
