metric,area,comp,suff
mae,0.05,13.125295,19.779432
mae,0.075,14.133865,17.443131
mae,0.1,14.580862,16.145233
mae,0.15,15.510017,13.465431
mse,0.05,14.574747,23.100209
mse,0.075,16.059411,18.305877
mse,0.1,16.745701,15.861392
mse,0.15,18.240405,11.372283
