metric,area,comp,suff
mae,0.05,6.952933,23.577198
mae,0.075,8.887667,22.174791
mae,0.1,9.746876,21.419775
mae,0.15,11.323159,19.900302
mse,0.05,4.845356,33.349725
mse,0.075,7.108583,30.100332
mse,0.1,8.191756,28.447787
mse,0.15,10.394201,25.304251
