metric,area,comp,suff
mae,0.05,8.158127,23.085667
mae,0.075,10.090236,21.665577
mae,0.1,11.007307,20.950487
mae,0.15,12.749634,19.640465
mse,0.05,5.992717,32.091875
mse,0.075,8.311997,28.970178
mse,0.1,9.530523,27.481765
mse,0.15,12.130736,24.910557
