metric,area,comp,suff
mae,0.05,12.985201,19.671933
mae,0.075,14.012838,17.339479
mae,0.1,14.49153,16.019156
mae,0.15,15.459505,13.340732
mse,0.05,14.507253,22.883804
mse,0.075,15.971749,18.108024
mse,0.1,16.692689,15.635645
mse,0.15,18.231777,11.166939
