metric,area,comp,suff
mae,0.05,12.973121,19.673303
mae,0.075,14.003737,17.340939
mae,0.1,14.487484,16.016486
mae,0.15,15.453964,13.339321
mse,0.05,14.481906,22.887398
mse,0.075,15.950726,18.111565
mse,0.1,16.679617,15.627624
mse,0.15,18.218432,11.165267
