metric,area,comp,suff
mae,0.05,10.807191,22.635477
mae,0.075,12.783955,20.778519
mae,0.1,14.011315,19.545798
mae,0.15,16.677663,16.582378
mse,0.05,14.962072,36.228988
mse,0.075,17.584929,31.011586
mse,0.1,19.398537,27.817732
mse,0.15,23.957589,20.528661
