metric,area,comp,suff
mae,0.05,12.907107,19.877532
mae,0.075,13.947006,17.593507
mae,0.1,14.430268,16.311443
mae,0.15,15.407055,13.686722
mse,0.05,14.261557,23.34291
mse,0.075,15.743959,18.626637
mse,0.1,16.471543,16.211725
mse,0.15,18.003747,11.767286
