metric,area,comp,suff
mae,0.05,13.154169,19.642142
mae,0.075,14.174026,17.324888
mae,0.1,14.645917,16.017449
mae,0.15,15.619377,13.338835
mse,0.05,14.653378,22.89541
mse,0.075,16.121187,18.143973
mse,0.1,16.831314,15.691568
mse,0.15,18.375839,11.209385
