metric,area,comp,suff
mae,0.05,10.956021,23.106382
mae,0.075,11.236287,22.484148
mae,0.1,11.375587,22.050849
mae,0.15,11.696984,20.904533
mse,0.05,12.166409,31.065382
mse,0.075,12.444272,29.509776
mse,0.1,12.592058,28.452697
mse,0.15,12.930235,25.760308
