metric,area,comp,suff
mae,0.05,11.196301,23.064105
mae,0.075,11.483952,22.445647
mae,0.1,11.626097,22.012827
mae,0.15,11.948349,20.884574
mse,0.05,12.65029,31.031197
mse,0.075,12.948962,29.480463
mse,0.1,13.099605,28.419792
mse,0.15,13.424217,25.775529
