metric,area,comp,suff
mae,0.05,12.814226,19.620477
mae,0.075,13.846878,17.292004
mae,0.1,14.345929,15.994063
mae,0.15,15.313318,13.341102
mse,0.05,13.977654,22.763419
mse,0.075,15.474318,18.011502
mse,0.1,16.226685,15.598166
mse,0.15,17.746481,11.173116
