metric,area,comp,suff
mae,0.05,7.030886,21.73804
mae,0.075,8.735564,20.588146
mae,0.1,9.664892,20.012895
mae,0.15,11.498536,19.127193
mse,0.05,3.947345,29.410075
mse,0.075,5.680995,27.341006
mse,0.1,6.737425,26.398158
mse,0.15,9.079555,25.024456
