metric,area,comp,suff
mae,0.05,21.655265,85.102705
mae,0.075,28.378496,77.124724
mae,0.1,32.497732,72.324847
mae,0.15,40.030359,64.754189
mse,0.05,8.07069,108.492608
mse,0.075,13.306416,91.798605
mse,0.1,17.147381,82.220592
mse,0.15,25.448961,68.273895
