metric,area,comp,suff
mae,0.05,16.980136,23.818327
mae,0.075,19.545699,23.909292
mae,0.1,20.810737,24.171539
mae,0.15,22.327762,24.703167
mse,0.05,17.082355,37.200381
mse,0.075,22.235351,38.357553
mse,0.1,25.017214,39.431138
mse,0.15,28.702712,41.117196
