metric,area,comp,suff
mae,0.05,43.425866,90.733863
mae,0.075,49.607151,87.510447
mae,0.1,52.332774,86.868836
mae,0.15,56.446892,84.192143
mse,0.05,29.446399,129.526054
mse,0.075,38.264345,124.401012
mse,0.1,42.654866,123.896024
mse,0.15,49.334848,117.827347
