metric,area,comp,suff
mae,0.05,40.518337,61.980243
mae,0.075,48.477482,49.591311
mae,0.1,53.451881,42.714924
mae,0.15,61.793883,32.316751
mse,0.05,26.272866,57.995535
mse,0.075,36.837655,38.575472
mse,0.1,44.316665,29.052378
mse,0.15,58.127846,17.058154
