metric,area,comp,suff
mae,0.05,40.915251,61.078652
mae,0.075,48.735811,48.926927
mae,0.1,53.744293,42.469538
mae,0.15,62.185576,32.092719
mse,0.05,26.87855,56.512412
mse,0.075,37.369295,37.476612
mse,0.1,45.003257,28.694996
mse,0.15,59.042221,16.927841
