metric,area,comp,suff
mae,0.05,15.66303,12.046562
mae,0.075,18.3769,9.139625
mae,0.1,19.707819,7.704379
mae,0.15,21.900183,5.594931
mse,0.05,16.157366,8.948469
mse,0.075,21.682477,5.306479
mse,0.1,24.661723,3.798278
mse,0.15,29.778797,2.090418
