metric,area,comp,suff
mae,0.05,8.991314,14.086131
mae,0.075,9.902308,13.296066
mae,0.1,10.307173,12.854269
mae,0.15,11.033884,11.919896
mse,0.05,7.603803,13.13197
mse,0.075,8.492249,11.761156
mse,0.1,8.939251,11.02851
mse,0.15,9.797561,9.566324
