metric,area,comp,suff
mae,0.05,8.985985,14.08806
mae,0.075,9.957843,13.285354
mae,0.1,10.364,12.834849
mae,0.15,11.100848,11.87321
mse,0.05,7.582,13.121592
mse,0.075,8.547773,11.745074
mse,0.1,8.989086,11.001979
mse,0.15,9.872408,9.494818
