metric,area,comp,suff
mae,0.05,8.991314,14.086131
mae,0.075,9.902308,13.296066
mae,0.1,10.307175,12.854269
mae,0.15,11.033884,11.919909
mse,0.05,7.603804,13.131971
mse,0.075,8.492249,11.761156
mse,0.1,8.939252,11.02851
mse,0.15,9.797562,9.566347
