metric,area,comp,suff
mae,0.05,2.214735,17.308975
mae,0.075,3.380937,16.734754
mae,0.1,4.125068,16.319728
mae,0.15,5.743799,15.394098
mse,0.05,0.680679,19.877872
mse,0.075,1.334489,18.864868
mse,0.1,1.859977,18.154461
mse,0.15,3.181815,16.61623
