metric,area,comp,suff
mae,0.05,5.937684,16.77702
mae,0.075,6.934232,16.486538
mae,0.1,7.414345,16.309345
mae,0.15,8.349796,15.864373
mse,0.05,4.369429,18.399427
mse,0.075,5.132403,17.852435
mse,0.1,5.530844,17.521993
mse,0.15,6.381122,16.702825
