metric,area,comp,suff
mae,0.05,11.182432,12.694577
mae,0.075,11.718224,11.780942
mae,0.1,12.005146,11.236451
mae,0.15,12.704373,9.973342
mse,0.05,10.070176,10.676996
mse,0.075,10.618827,9.330014
mse,0.1,10.981182,8.55585
mse,0.15,11.943087,6.865416
