metric,area,comp,suff
mae,0.05,10.03425,13.579582
mae,0.075,10.716838,12.849703
mae,0.1,11.027826,12.405442
mae,0.15,11.662536,11.397442
mse,0.05,8.935555,12.130382
mse,0.075,9.563221,10.942405
mse,0.1,9.885572,10.245459
mse,0.15,10.641376,8.752813
