metric,area,comp,suff
mae,0.05,6.004021,16.663684
mae,0.075,7.017339,16.361022
mae,0.1,7.497102,16.183306
mae,0.15,8.409967,15.756058
mse,0.05,4.421366,18.126241
mse,0.075,5.202326,17.559528
mse,0.1,5.597022,17.233505
mse,0.15,6.421783,16.471125
