metric,area,comp,suff
mae,0.05,6.306867,17.662641
mae,0.075,7.615216,17.62476
mae,0.1,8.27464,17.564925
mae,0.15,9.507269,17.396983
mse,0.05,4.683426,20.229689
mse,0.075,5.835166,20.251657
mse,0.1,6.495331,20.185107
mse,0.15,7.870105,19.955132
