metric,area,comp,suff
mae,0.05,8.65807,18.643452
mae,0.075,10.575878,19.062282
mae,0.1,11.497911,19.273253
mae,0.15,13.135894,19.658705
mse,0.05,6.638212,22.272682
mse,0.075,8.840147,23.26868
mse,0.1,10.092722,23.774811
mse,0.15,12.620115,24.711143
