metric,area,comp,suff
mae,0.05,11.174844,12.544817
mae,0.075,11.728116,11.655937
mae,0.1,12.019717,11.116716
mae,0.15,12.705989,9.887022
mse,0.05,10.120982,10.439034
mse,0.075,10.739857,9.138326
mse,0.1,11.136944,8.377895
mse,0.15,12.124813,6.749636
