metric,area,comp,suff
mae,0.05,11.219601,12.685396
mae,0.075,11.804211,11.757043
mae,0.1,12.113796,11.189263
mae,0.15,12.849808,9.882193
mse,0.05,10.230267,10.687879
mse,0.075,10.846385,9.301758
mse,0.1,11.241115,8.490196
mse,0.15,12.269158,6.74342
