metric,area,comp,suff
mae,0.05,11.138362,12.618179
mae,0.075,11.677871,11.744238
mae,0.1,11.963284,11.19965
mae,0.15,12.645848,9.956538
mse,0.05,9.993363,10.571213
mse,0.075,10.608421,9.283689
mse,0.1,11.000845,8.513967
mse,0.15,11.964883,6.861292
