metric,area,comp,suff
mae,0.05,11.248154,12.588609
mae,0.075,11.711254,11.696412
mae,0.1,11.969508,11.16215
mae,0.15,12.620443,9.918071
mse,0.05,10.159562,10.546132
mse,0.075,10.654547,9.232723
mse,0.1,10.99441,8.479256
mse,0.15,11.907045,6.819019
