metric,area,comp,suff
mae,0.05,11.116515,12.68072
mae,0.075,11.718394,11.757849
mae,0.1,12.018196,11.194901
mae,0.15,12.747295,9.904403
mse,0.05,10.126093,10.694831
mse,0.075,10.773032,9.313947
mse,0.1,11.176297,8.509213
mse,0.15,12.218764,6.77988
