metric,area,comp,suff
mae,0.05,1.965244,10.96633
mae,0.075,2.140116,10.36384
mae,0.1,2.209075,9.952636
mae,0.15,2.342437,8.784249
mse,0.05,0.298082,8.019398
mse,0.075,0.331926,7.177579
mse,0.1,0.348379,6.629671
mse,0.15,0.383792,5.129388
