metric,area,comp,suff
mae,0.05,9.957946,14.156117
mae,0.075,10.408391,13.769266
mae,0.1,10.611026,13.527809
mae,0.15,10.988553,12.936784
mse,0.05,8.571646,13.190425
mse,0.075,9.018138,12.532627
mse,0.1,9.239113,12.134152
mse,0.15,9.66317,11.184539
