metric,area,comp,suff
mae,0.05,10.057964,14.177097
mae,0.075,10.479224,13.783359
mae,0.1,10.653445,13.550002
mae,0.15,11.001686,12.962196
mse,0.05,8.605897,13.203374
mse,0.075,9.00879,12.529591
mse,0.1,9.194509,12.146376
mse,0.15,9.600064,11.20799
