metric,area,comp,suff
mae,0.05,10.189024,14.290032
mae,0.075,10.655717,13.886401
mae,0.1,10.846569,13.637564
mae,0.15,11.223032,13.037305
mse,0.05,8.749815,13.386947
mse,0.075,9.216982,12.695281
mse,0.1,9.422539,12.291554
mse,0.15,9.865535,11.331207
