metric,area,comp,suff
mae,0.05,11.155956,12.624603
mae,0.075,11.640668,11.735183
mae,0.1,11.91675,11.18631
mae,0.15,12.597819,9.948758
mse,0.05,9.889621,10.597923
mse,0.075,10.407646,9.293709
mse,0.1,10.792307,8.51631
mse,0.15,11.757077,6.859974
