metric,area,comp,suff
mae,0.05,11.126032,12.622834
mae,0.075,11.667832,11.747792
mae,0.1,11.953154,11.20282
mae,0.15,12.637802,9.958733
mse,0.05,9.976113,10.576931
mse,0.075,10.59619,9.287345
mse,0.1,10.988771,8.517153
mse,0.15,11.954762,6.863812
