metric,area,comp,suff
accuracy,0.05,0.982559,0.971491
accuracy,0.075,0.979954,0.971708
accuracy,0.1,0.978869,0.971057
accuracy,0.15,0.978218,0.975614
auc,0.05,0.530189,0.447469
auc,0.075,0.523812,0.476531
auc,0.1,0.518664,0.49088
auc,0.15,0.510064,0.511008
cross_entropy,0.05,0.100517,0.170794
cross_entropy,0.075,0.102931,0.166931
cross_entropy,0.1,0.104236,0.165492
cross_entropy,0.15,0.107176,0.163253
