metric,area,comp,suff
accuracy,0.05,0.987807,0.970406
accuracy,0.075,0.986899,0.970623
accuracy,0.1,0.986682,0.970189
accuracy,0.15,0.981256,0.969715
auc,0.05,0.564527,0.392771
auc,0.075,0.563067,0.424006
auc,0.1,0.559617,0.442395
auc,0.15,0.550473,0.474126
cross_entropy,0.05,0.103301,0.167487
cross_entropy,0.075,0.105562,0.163974
cross_entropy,0.1,0.108663,0.160579
cross_entropy,0.15,0.117249,0.155719
