metric,area,comp,suff
accuracy,0.05,0.942154,0.935643
accuracy,0.075,0.918065,0.908436
accuracy,0.1,0.89802,0.880265
accuracy,0.15,0.865387,0.837392
auc,0.05,0.561691,0.431311
auc,0.075,0.56062,0.445644
auc,0.1,0.556607,0.455992
auc,0.15,0.550428,0.475401
cross_entropy,0.05,0.179844,0.226612
cross_entropy,0.075,0.216259,0.260287
cross_entropy,0.1,0.251544,0.293721
cross_entropy,0.15,0.313214,0.352589
