metric,area,comp,suff
accuracy,0.05,0.979167,0.967882
accuracy,0.075,0.977431,0.972222
accuracy,0.1,0.97678,0.973524
accuracy,0.15,0.974826,0.973741
auc,0.05,0.509837,0.440009
auc,0.075,0.502509,0.465067
auc,0.1,0.502867,0.481235
auc,0.15,0.484761,0.499234
cross_entropy,0.05,0.107345,0.166839
cross_entropy,0.075,0.112024,0.159893
cross_entropy,0.1,0.115673,0.155732
cross_entropy,0.15,0.122541,0.150045
