metric,area,comp,suff
accuracy,0.05,0.900503,0.853074
accuracy,0.075,0.848814,0.797357
accuracy,0.1,0.802509,0.754565
accuracy,0.15,0.738112,0.696068
auc,0.05,0.591962,0.421256
auc,0.075,0.577564,0.441215
auc,0.1,0.567219,0.452779
auc,0.15,0.546302,0.462507
cross_entropy,0.05,0.249855,0.332376
cross_entropy,0.075,0.335211,0.410936
cross_entropy,0.1,0.412179,0.481865
cross_entropy,0.15,0.549918,0.597068
