metric,area,comp,suff
accuracy,0.05,0.547213,0.531113
accuracy,0.075,0.508898,0.505208
accuracy,0.1,0.501302,0.501085
accuracy,0.15,0.5,0.5
auc,0.05,0.513615,0.433721
auc,0.075,0.504272,0.446975
auc,0.1,0.496604,0.446078
auc,0.15,0.476574,0.448353
cross_entropy,0.05,0.881898,0.966563
cross_entropy,0.075,1.248868,1.305813
cross_entropy,0.1,1.533963,1.572107
cross_entropy,0.15,1.941248,1.948161
