metric,area,comp,suff
accuracy,0.05,0.97092,0.974312
accuracy,0.075,0.969972,0.975574
accuracy,0.1,0.970012,0.978001
accuracy,0.15,0.967151,0.978435
auc,0.05,0.559287,0.527417
auc,0.075,0.543255,0.548279
auc,0.1,0.526375,0.567761
auc,0.15,0.505144,0.581411
cross_entropy,0.05,0.152836,0.134025
cross_entropy,0.075,0.163195,0.124887
cross_entropy,0.1,0.167469,0.117065
cross_entropy,0.15,0.174833,0.109616
