metric,area,comp,suff
accuracy,0.05,0.997532,0.995226
accuracy,0.075,0.996013,0.995009
accuracy,0.1,0.994141,0.995443
accuracy,0.15,0.991753,0.994575
auc,0.05,0.083109,0.049283
auc,0.075,0.082885,0.048835
auc,0.1,0.081989,0.040547
auc,0.15,0.080421,0.050851
cross_entropy,0.05,0.107694,0.121454
cross_entropy,0.075,0.109837,0.119854
cross_entropy,0.1,0.111506,0.119429
cross_entropy,0.15,0.117334,0.116685
