metric,area,comp,suff
accuracy,0.05,0.97092,0.975043
accuracy,0.075,0.967231,0.976562
accuracy,0.1,0.964193,0.976562
accuracy,0.15,0.962891,0.977214
auc,0.05,0.531713,0.519304
auc,0.075,0.508374,0.538455
auc,0.1,0.484778,0.548443
auc,0.15,0.448309,0.55927
cross_entropy,0.05,0.147474,0.13525
cross_entropy,0.075,0.160508,0.128867
cross_entropy,0.1,0.168989,0.125602
cross_entropy,0.15,0.181066,0.120509
