metric,area,comp,suff
accuracy,0.05,0.984118,0.969538
accuracy,0.075,0.981771,0.970406
accuracy,0.1,0.979601,0.968236
accuracy,0.15,0.978258,0.968236
auc,0.05,0.565185,0.36262
auc,0.075,0.558037,0.409368
auc,0.1,0.553002,0.417297
auc,0.15,0.544416,0.456251
cross_entropy,0.05,0.109844,0.169714
cross_entropy,0.075,0.114389,0.163351
cross_entropy,0.1,0.117042,0.162206
cross_entropy,0.15,0.121164,0.158184
