metric,area,comp,suff
accuracy,0.05,0.974883,0.97301
accuracy,0.075,0.973364,0.974312
accuracy,0.1,0.97141,0.973621
accuracy,0.15,0.967938,0.976185
auc,0.05,0.547461,0.506486
auc,0.075,0.533913,0.524505
auc,0.1,0.520335,0.540155
auc,0.15,0.504963,0.560706
cross_entropy,0.05,0.138891,0.139704
cross_entropy,0.075,0.148317,0.135134
cross_entropy,0.1,0.154766,0.131105
cross_entropy,0.15,0.163023,0.123824
