metric,area,comp,suff
mae,0.05,6.701989,25.573623
mae,0.075,8.230432,24.279622
mae,0.1,8.973885,23.501689
mae,0.15,10.470218,21.765842
mse,0.05,5.114742,37.69808
mse,0.075,6.794216,34.233799
mse,0.1,7.684924,32.26867
mse,0.15,9.616935,28.158549
