metric,area,comp,suff
mae,0.05,6.701989,25.573623
mae,0.075,8.230432,24.279627
mae,0.1,8.973885,23.50168
mae,0.15,10.470217,21.765844
mse,0.05,5.114741,37.69808
mse,0.075,6.794216,34.233806
mse,0.1,7.684924,32.268666
mse,0.15,9.616935,28.15855
