metric,area,comp,suff
mae,0.05,6.692633,25.600372
mae,0.075,8.232389,24.28897
mae,0.1,8.987806,23.497708
mae,0.15,10.501192,21.730874
mse,0.05,5.120727,37.80175
mse,0.075,6.806579,34.312196
mse,0.1,7.706172,32.318432
mse,0.15,9.664212,28.136523
