metric,area,comp,suff
mae,0.05,2.782938,27.085542
mae,0.075,4.129567,26.299319
mae,0.1,4.971121,25.778573
mae,0.15,6.799349,24.547073
mse,0.05,0.851702,42.485291
mse,0.075,1.656793,40.561835
mse,0.1,2.288273,39.348206
mse,0.15,3.965268,36.569655
