metric,area,comp,suff
mae,0.05,8.170368,24.839739
mae,0.075,10.028679,23.196636
mae,0.1,10.902633,22.208738
mae,0.15,12.570796,20.018483
mse,0.05,6.809414,35.745595
mse,0.075,9.414598,31.604964
mse,0.1,10.743118,29.231598
mse,0.15,13.271731,24.276518
