metric,area,comp,suff
mae,0.05,5.697205,26.179887
mae,0.075,7.081577,25.278021
mae,0.1,7.809828,24.740462
mae,0.15,9.271923,23.524595
mse,0.05,4.087562,39.513432
mse,0.075,5.578981,37.270071
mse,0.1,6.439451,35.965022
mse,0.15,8.302505,33.054305
