metric,area,comp,suff
mae,0.05,8.899174,24.074435
mae,0.075,10.780954,22.158107
mae,0.1,11.714373,21.015499
mae,0.15,13.60203,18.54
mse,0.05,7.601839,33.778549
mse,0.075,10.186383,29.037203
mse,0.1,11.568765,26.413138
mse,0.15,14.530694,21.230772
