metric,area,comp,suff
mae,0.05,5.753731,26.152118
mae,0.075,7.140125,25.248924
mae,0.1,7.858903,24.700879
mae,0.15,9.30722,23.496115
mse,0.05,4.145883,39.400016
mse,0.075,5.652952,37.157542
mse,0.1,6.513715,35.824556
mse,0.15,8.338686,32.944757
