metric,area,comp,suff
mae,0.05,8.170368,24.83977
mae,0.075,10.028679,23.196636
mae,0.1,10.902628,22.208724
mae,0.15,12.570827,20.018477
mse,0.05,6.809414,35.74568
mse,0.075,9.414598,31.604964
mse,0.1,10.743116,29.231536
mse,0.15,13.271799,24.276513
