metric,area,comp,suff
mae,0.05,7.432944,25.643305
mae,0.075,9.168563,24.662828
mae,0.1,10.042636,24.095165
mae,0.15,11.83009,22.904609
mse,0.05,6.234932,38.350667
mse,0.075,8.701084,36.125291
mse,0.1,10.054955,34.809726
mse,0.15,12.920472,32.00646
