metric,area,comp,suff
mae,0.05,8.50304,25.470953
mae,0.075,10.517627,24.499358
mae,0.1,11.543633,23.971117
mae,0.15,13.622967,22.923978
mse,0.05,7.265598,38.006722
mse,0.075,10.353544,35.832562
mse,0.1,12.080162,34.634642
mse,0.15,15.746804,32.251171
