metric,area,comp,suff
mae,0.05,8.831106,24.065529
mae,0.075,10.691327,22.138154
mae,0.1,11.638842,20.990747
mae,0.15,13.547755,18.504955
mse,0.05,7.548243,33.757191
mse,0.075,10.068423,29.003656
mse,0.1,11.452128,26.368919
mse,0.15,14.425623,21.16176
