metric,area,comp,suff
mae,0.05,8.9507,24.182274
mae,0.075,10.843212,22.222524
mae,0.1,11.801368,21.062502
mae,0.15,13.765551,18.518852
mse,0.05,7.74379,33.968581
mse,0.075,10.368709,29.105037
mse,0.1,11.802769,26.439659
mse,0.15,14.923699,21.078988
