metric,area,comp,suff
mae,0.05,8.957931,24.037255
mae,0.075,10.841575,22.114859
mae,0.1,11.77657,20.975327
mae,0.15,13.662598,18.48838
mse,0.05,7.716366,33.689964
mse,0.075,10.290853,28.930562
mse,0.1,11.672554,26.308728
mse,0.15,14.638365,21.104861
