metric,area,comp,suff
mae,0.05,8.880491,23.936693
mae,0.075,10.758701,22.030343
mae,0.1,11.699849,20.889185
mae,0.15,13.580072,18.432938
mse,0.05,7.724292,33.48941
mse,0.075,10.324416,28.793172
mse,0.1,11.726332,26.176005
mse,0.15,14.697474,21.03663
