metric,area,comp,suff
mae,0.05,8.877992,24.03742
mae,0.075,10.770735,22.089408
mae,0.1,11.741473,20.924336
mae,0.15,13.673549,18.401205
mse,0.05,7.560942,33.564475
mse,0.075,10.140123,28.777023
mse,0.1,11.572494,26.105092
mse,0.15,14.624087,20.815876
