metric,area,comp,suff
mae,0.05,2.199067,17.736503
mae,0.075,2.415602,16.388903
mae,0.1,2.446576,15.44839
mae,0.15,2.299232,12.504481
mse,0.05,0.39116,20.991127
mse,0.075,0.43748,19.254161
mse,0.1,0.432362,17.93575
mse,0.15,0.376703,12.711081
