metric,area,comp,suff
mae,0.05,6.888492,26.560845
mae,0.075,7.291971,25.843774
mae,0.1,7.528364,25.355194
mae,0.15,8.211009,24.068319
mse,0.05,5.125598,40.930084
mse,0.075,5.547337,39.026069
mse,0.1,5.805408,37.739056
mse,0.15,6.569092,34.419139
