metric,area,comp,suff
mae,0.05,6.730094,26.544058
mae,0.075,7.156618,25.824512
mae,0.1,7.41825,25.328496
mae,0.15,8.166896,24.023706
mse,0.05,4.924007,40.870443
mse,0.075,5.352388,38.947963
mse,0.1,5.625388,37.645023
mse,0.15,6.443875,34.275822
