metric,area,comp,suff
mae,0.05,6.718112,26.568726
mae,0.075,7.143794,25.847179
mae,0.1,7.39434,25.353197
mae,0.15,8.132704,24.050776
mse,0.05,5.005392,41.03306
mse,0.075,5.432895,39.102775
mse,0.1,5.697544,37.795187
mse,0.15,6.509156,34.425091
