metric,area,comp,suff
mae,0.05,8.856833,24.019285
mae,0.075,10.766335,22.09515
mae,0.1,11.722742,20.95776
mae,0.15,13.628146,18.499521
mse,0.05,7.59739,33.62279
mse,0.075,10.220019,28.890498
mse,0.1,11.63395,26.284305
mse,0.15,14.614621,21.149979
