metric,area,comp,suff
mae,0.05,8.84682,24.00024
mae,0.075,10.724387,22.093122
mae,0.1,11.656678,20.959458
mae,0.15,13.535566,18.499265
mse,0.05,7.540108,33.604888
mse,0.075,10.085484,28.905988
mse,0.1,11.445473,26.304987
mse,0.15,14.360234,21.149113
