metric,area,comp,suff
mae,0.05,11.820683,11.788181
mae,0.075,13.516388,10.315534
mae,0.1,14.248765,9.522623
mae,0.15,15.422024,7.927388
mse,0.05,10.148638,9.057515
mse,0.075,12.760038,7.038268
mse,0.1,13.971034,6.098217
mse,0.15,16.04396,4.389713
